restaurant_id,description,name,address_id
1,Stanfield,Sanford,1
2,Kally,Bowles,2
3,Kayla,Druery,3
4,Lenna,Ledwich,4
5,Waylin,Sposito,5
6,Adolpho,Pettwood,6
7,Dieter,Brough,7
8,Arri,Consterdine,8
9,Lurleen,Arnaut,9
10,Brand,Cremer,10
11,Sunny,Burbank,11
12,Elmira,Southgate,12
13,Mariele,Darte,13
14,Loree,Cheasman,14
15,Giustina,Pentercost,15
16,Blair,Ricco,16
17,Ingamar,Broodes,17
18,Carmella,Fullick,18
19,Cecil,Cuff,19
20,Marion,Loades,20
21,Cyndia,McArthur,21
22,Tatiana,Minette,22
23,Hagan,Tant,23
24,Erda,Kasman,24
25,Vergil,Covey,25
26,Jeremy,Kynaston,26
27,Annecorinne,Jubert,27
28,Jackie,Middleweek,28
29,Chiquia,Clowser,29
30,Wanda,Vedeniktov,30
31,Nixie,O'Garmen,31
32,Daniel,Mahoney,32
33,Adelice,Povey,33
34,Gwenni,Eliasen,34
35,Danielle,Lundon,35
36,Prudi,LaBastida,36
37,Sherwynd,Markl,37
38,Noach,Daskiewicz,38
39,Fred,Fansy,39
40,Fairleigh,Gidney,40
41,Hayyim,Bamfield,41
42,Mel,Fulk,42
43,Derron,Maunder,43
44,Erastus,Schuh,44
45,Garold,Guiu,45
46,Cherilyn,Pinnock,46
47,Bernadette,Whitham,47
48,Jorgan,Agglio,48
49,Guenevere,Gotter,49
50,Wiley,Jeal,50
