person_id,email_address,first_name,last_name,phone_number,starting_hour,average_delivery_time,number_of_deliveries
201,fmatusevich0@ask.com,Florida,Matusevich,7664316995,18:50,51,33
202,seisikowitch1@mail.ru,Staffard,Eisikowitch,3626682115,4:17,53,332
203,mnowakowska2@foxnews.com,Merry,Nowakowska,8532967839,11:47,44,167
204,rpeaden3@craigslist.org,Reagan,Peaden,5973858523,12:00,32,399
205,lsappell4@reddit.com,Laraine,Sappell,5757655264,18:19,56,356
206,scatcherside5@exblog.jp,Sacha,Catcherside,2167699017,18:02,41,255
207,dbinstead6@miibeian.gov.cn,Donnie,Binstead,5082040674,2:43,40,100
208,ietherson7@pinterest.com,Ilyse,Etherson,4545512476,15:12,38,269
209,bfranca8@sina.com.cn,Beatrix,Franca,7947963735,19:19,55,145
210,lwarmisham9@scribd.com,Lorne,Warmisham,5155413360,17:15,57,230
211,bhauga@chicagotribune.com,Bearnard,Haug,9108472380,0:03,59,49
212,rbridgnellb@photobucket.com,Rolland,Bridgnell,8146476927,20:50,42,351
213,aaismanc@deliciousdays.com,Avis,Aisman,2843376835,9:58,31,337
214,elerouxd@wunderground.com,Erick,Leroux,6331631568,2:53,31,145
215,myanysheve@1688.com,Marco,Yanyshev,8141178826,2:34,47,245
216,dthairsf@theglobeandmail.com,Daniele,Thairs,8496969322,15:20,60,78
217,sduffieldg@livejournal.com,Shawna,Duffield,9589064878,10:52,44,349
218,amarquish@paginegialle.it,Alejandra,Marquis,4809403313,7:06,52,153
219,wveversi@biglobe.ne.jp,Westbrook,Vevers,2851289330,3:30,53,199
220,cdooguej@nps.gov,Crin,Doogue,7799259795,16:43,30,467
221,cporrettk@hatena.ne.jp,Collie,Porrett,2895786276,13:59,36,483
222,uranbyl@chron.com,Ulberto,Ranby,7246596076,13:53,60,374
223,hhullym@opera.com,Hogan,Hully,1321021712,19:59,59,178
224,esmelleyn@yandex.ru,Ephrem,Smelley,6987306202,8:37,41,239
225,gdollardo@cbsnews.com,Gun,Dollard,5234213803,10:09,39,4
226,wkinkadep@noaa.gov,Wadsworth,Kinkade,1115841281,19:18,57,400
227,ecowtonq@princeton.edu,Ellissa,Cowton,6127784174,21:08,35,344
228,tfromer@rakuten.co.jp,Thorndike,Frome,2447580258,15:28,60,438
229,fmcturks@craigslist.org,Ferguson,McTurk,9122781306,20:55,37,413
230,asnaitht@icq.com,Abbi,Snaith,7481153110,3:55,39,102
231,bfirsbyu@smugmug.com,Barde,Firsby,3269281016,11:32,57,243
232,rmattackv@utexas.edu,Reine,Mattack,2473102047,12:01,41,80
233,ischlagtmansw@msn.com,Ines,Schlagtmans,3452651726,4:53,58,211
234,lportalx@sogou.com,Lothaire,Portal,7493164353,17:02,43,305
235,lmckaney@wisc.edu,Lorne,McKane,8128254938,21:28,50,112
236,mleverentzz@oaic.gov.au,Minta,Leverentz,1253031591,16:50,52,262
237,ggoullee10@omniture.com,Grazia,Goullee,4129757835,16:14,51,30
238,dchisnell11@yandex.ru,Dallas,Chisnell,4508141814,1:38,34,48
239,msterley12@samsung.com,Marina,Sterley,3659385102,23:02,35,419
240,hroxby13@usnews.com,Hirsch,Roxby,1173916724,3:33,41,438
241,ccosby14@cisco.com,Chelsea,Cosby,3214888384,6:33,48,385
242,galston15@cnn.com,Gris,Alston,6807688826,14:35,33,392
243,dgrunder16@wikispaces.com,Drucy,Grunder,5204685630,17:40,51,86
244,qbarrick17@nymag.com,Quintin,Barrick,9372286630,20:38,34,433
245,rflynn18@pbs.org,Ruby,Flynn,2434470154,18:13,59,392
246,fgypson19@sakura.ne.jp,Frieda,Gypson,9254783984,0:11,34,440
247,tdafforne1a@japanpost.jp,Tomas,Dafforne,7031979394,3:25,39,363
248,tmaccari1b@bing.com,Thaine,Maccari,8962296775,22:41,50,66
249,wfoucard1c@devhub.com,Whit,Foucard,6863877585,13:22,55,204
250,lcomelini1d@csmonitor.com,Lodovico,Comelini,5269170500,13:08,31,375
251,rchatt1e@comcast.net,Rustin,Chatt,7299416406,20:05,39,126
252,joldknowe1f@merriam-webster.com,Joella,Oldknowe,3735345036,8:02,36,187
253,pelgram1g@wufoo.com,Prudence,Elgram,4882804880,0:01,53,287
254,sdoige1h@businessweek.com,Sanford,Doige,2175814206,20:46,54,493
255,ttaplin1i@wikispaces.com,Tracy,Taplin,2461058835,13:05,48,23
256,cgebbe1j@salon.com,Conrad,Gebbe,4461552461,2:49,41,64
257,alegrys1k@ucoz.com,Amalee,Le Grys,1261404716,8:03,59,9
258,gdurden1l@apache.org,Gaby,Durden,1079007932,3:06,34,330
259,speterken1m@army.mil,Stevana,Peterken,1285279924,14:57,58,451
260,miacomi1n@gravatar.com,Margit,Iacomi,7138010460,4:04,44,262
261,lspong1o@bigcartel.com,Lucy,Spong,4925863009,7:40,39,314
262,jbarlass1p@earthlink.net,Jemima,Barlass,5485314135,21:09,47,198
263,lcantu1q@businessinsider.com,Lind,Cantu,2216842227,7:41,33,412
264,dgowland1r@ask.com,Delcine,Gowland,4515709544,12:23,40,26
265,mdyos1s@nyu.edu,Melisa,Dyos,5762583830,9:18,45,392
266,tmatovic1t@naver.com,Teodor,Matovic,8135934555,8:41,60,35
267,pdodding1u@github.io,Paige,Dodding,5922614758,23:52,51,283
268,emanuely1v@homestead.com,Erminia,Manuely,8969855988,17:16,37,231
269,ttubritt1w@yelp.com,Tabbatha,Tubritt,9315496494,15:32,45,436
270,ejosefowicz1x@google.ca,Emlynne,Josefowicz,7348095771,12:37,35,6
271,acristofor1y@cocolog-nifty.com,Alika,Cristofor,3762273755,3:21,32,283
272,atrevain1z@mediafire.com,Adriaens,Trevain,2997325899,4:01,60,414
273,jpele20@elegantthemes.com,Jen,Pele,3238933466,13:23,59,296
274,rgallon21@mediafire.com,Rebekah,Gallon,1706609254,4:21,36,223
275,tcagan22@flickr.com,Torie,Cagan,1447192562,5:18,36,342
276,mwade23@google.nl,Marketa,Wade,3367387429,18:27,39,388
277,ahuish24@infoseek.co.jp,Astra,Huish,9032896876,6:12,33,9
278,dtwelves25@chicagotribune.com,Dredi,Twelves,6828064594,6:42,54,379
279,cvanderkruys26@homestead.com,Carmelina,Van der Kruys,1518567892,8:52,50,375
280,sjesson27@constantcontact.com,Shel,Jesson,3899487197,11:46,34,63
281,gwelch28@ycombinator.com,Gaven,Welch,1459069843,17:08,53,465
282,repinay29@mtv.com,Rachael,Epinay,3368420081,18:23,38,420
283,avaughanhughes2a@apache.org,Amerigo,Vaughan-Hughes,1796074654,2:35,43,325
284,shurdedge2b@is.gd,Stephine,Hurdedge,7639009182,21:01,53,8
285,epates2c@list-manage.com,Elsey,Pates,9691001574,7:40,33,462
286,jkinze2d@lycos.com,Jaquith,Kinze,4967595123,10:52,32,238
287,tkiddye2e@chicagotribune.com,Tammie,Kiddye,4854516321,13:21,35,351
288,brawdales2f@aboutads.info,Burr,Rawdales,3926728933,14:36,36,23
289,kverring2g@geocities.jp,Katy,Verring,8916330887,6:53,37,253
290,gstillgoe2h@shop-pro.jp,Gerik,Stillgoe,1862836936,12:40,36,328
291,cfriberg2i@patch.com,Caitrin,Friberg,4261081991,0:16,55,67
292,misakov2j@earthlink.net,Moore,Isakov,4264060602,7:23,32,120
293,jmcguffog2k@yahoo.co.jp,Jessie,McGuffog,2723800253,18:59,49,86
294,gbilam2l@fema.gov,Gabey,Bilam,7777723135,23:54,41,486
295,jwank2m@blogger.com,Joni,Wank,5422695170,0:49,47,248
296,trama2n@ihg.com,Terrence,Rama,9827932396,21:36,34,497
297,kstormes2o@ucoz.ru,Kinny,Stormes,4942893552,22:01,50,20
298,bmatthews2p@surveymonkey.com,Broderic,Matthews,9764683326,20:00,50,372
299,lsprules2q@simplemachines.org,Lydon,Sprules,8475150435,18:05,41,463
300,epooke2r@walmart.com,Elene,Pooke,3621259944,0:23,47,141
