person_id,email_address,first_name,last_name,phone_number,address_id
1,kphettiplace0@prlog.org,Kellen,Phettiplace,8649138983,297
2,mteodoro1@examiner.com,Mateo,Teodoro,9402834273,998
3,fbarson2@yahoo.com,Fran,Barson,3872428442,653
4,pmilsap3@mozilla.com,Pamelina,Milsap,6774256541,794
5,nlandrieu4@netscape.com,Nalani,Landrieu,1614780343,615
6,kpaulack5@nature.com,Kendre,Paulack,4162781648,166
7,sorrick6@seattletimes.com,Saraann,Orrick,9324861097,163
8,kcathenod7@toplist.cz,Karyl,Cathenod,3295241527,501
9,daitkin8@google.it,Davin,Aitkin,5026736378,557
10,mhagergham9@home.pl,Marius,Hagergham,2739329919,468
11,akmieciaka@abc.net.au,Annabal,Kmieciak,1161733052,861
12,mmcilriachb@barnesandnoble.com,Minda,McIlriach,9705465595,145
13,wfridc@goo.gl,Wynn,Frid,6214282418,109
14,lpickrilld@census.gov,Leighton,Pickrill,8635630819,685
15,gbandeye@abc.net.au,Garrick,Bandey,4075339954,914
16,ivareyf@smh.com.au,Ilise,Varey,2837434126,248
17,gsommerlieg@hud.gov,Gigi,Sommerlie,1151983361,885
18,rrizzoneh@creativecommons.org,Rafael,Rizzone,6933650517,736
19,mfarrisi@hao123.com,Maris,Farris,8324529550,35
20,kwildsmithj@cnet.com,Katerine,Wildsmith,6175796017,626
21,ebeekenk@google.com.hk,Ermanno,Beeken,6835807756,68
22,ahookesl@yandex.ru,Asa,Hookes,5469216990,824
23,ccarlisim@issuu.com,Carmon,Carlisi,8318831537,563
24,jcasassan@wikimedia.org,Jamaal,Casassa,1356269851,192
25,asoustero@intel.com,Alyson,Souster,6153339563,6
26,karnaldp@ustream.tv,Kessia,Arnald,2254115331,450
27,amcfieq@51.la,Arv,McFie,1155760468,618
28,jthoresbyr@jimdo.com,Jami,Thoresby,7463042442,562
29,bwooders@posterous.com,Birch,Wooder,6936031168,999
30,ahawkswoodt@acquirethisname.com,Adena,Hawkswood,8228091462,443
31,ereaveyu@deliciousdays.com,Evin,Reavey,7454514444,461
32,thuev@shop-pro.jp,Thaddeus,Hue,2422000741,59
33,jbedomew@gnu.org,Jenifer,Bedome,3177990722,142
34,gemminsx@japanpost.jp,Gretel,Emmins,8095211920,309
35,kschweriny@washington.edu,Kellie,Schwerin,2022649468,517
36,chindhaughz@youku.com,Cathyleen,Hindhaugh,8055303992,617
37,pscammonden10@scientificamerican.com,Pace,Scammonden,7145893345,810
38,dmacfarland11@prnewswire.com,Dedra,MacFarland,7407117536,788
39,pdielhenn12@blog.com,Pavia,Dielhenn,2024156762,21
40,wscopes13@theatlantic.com,Wiley,Scopes,6256343636,497
41,jkernan14@cmu.edu,Jourdain,Kernan,5065010851,983
42,vsked15@issuu.com,Vannie,Sked,3045913504,694
43,dpaolotto16@g.co,Dawn,Paolotto,8856359892,360
44,tsooper17@51.la,Terri,Sooper,4694150375,329
45,nlinder18@wsj.com,Natalie,Linder,1402948157,3
46,dhalwill19@dagondesign.com,Dick,Halwill,6917724732,153
47,smurcutt1a@hatena.ne.jp,Shayna,Murcutt,3952957203,841
48,rblasiak1b@ed.gov,Roz,Blasiak,1909106088,285
49,jsprowell1c@globo.com,Johan,Sprowell,2083796983,699
50,bponcet1d@exblog.jp,Bevin,Poncet,4324749811,885
51,prusbridge1e@wufoo.com,Poppy,Rusbridge,2379468986,131
52,jhedworth1f@slate.com,Jammie,Hedworth,6909121806,508
53,poliveto1g@dmoz.org,Pietra,Oliveto,8808119979,591
54,chalwood1h@senate.gov,Cletus,Halwood,6594000982,690
55,bfulloway1i@imageshack.us,Burt,Fulloway,5915784762,634
56,socridigan1j@topsy.com,Sella,O'Cridigan,6972065792,883
57,kayrs1k@icio.us,Knox,Ayrs,7001413757,524
58,kdowd1l@uiuc.edu,Karlan,Dowd,9783579704,287
59,schilds1m@nbcnews.com,Stanislas,Childs,7866816179,840
60,dyesenev1n@bloomberg.com,Danita,Yesenev,4243701568,737
61,wculmer1o@nyu.edu,Wells,Culmer,9571666290,903
62,glyfield1p@biglobe.ne.jp,Gunar,Lyfield,7296419256,728
63,tprestner1q@printfriendly.com,Titos,Prestner,8348323555,613
64,fhowlett1r@livejournal.com,Freemon,Howlett,1094214564,264
65,nlouiset1s@geocities.jp,Nikki,Louiset,4822115497,263
66,msheather1t@jiathis.com,Mohandas,Sheather,9231298942,122
67,ddobing1u@marriott.com,Dolly,Dobing,1354532207,645
68,bcoghlin1v@netvibes.com,Bobinette,Coghlin,7355759521,549
69,dstaggs1w@cpanel.net,Dacey,Staggs,9599287673,739
70,selsop1x@stumbleupon.com,Sibley,Elsop,2236841639,501
71,jstert1y@de.vu,Jazmin,Stert,8299575974,961
72,fharbison1z@go.com,Florencia,Harbison,5234963744,599
73,rmunkley20@admin.ch,Roxanne,Munkley,2639242926,538
74,cbranwhite21@free.fr,Christian,Branwhite,9113725631,200
75,mclerc22@tmall.com,Margo,Clerc,1282263946,548
76,mwoolam23@nba.com,Malanie,Woolam,7287295889,61
77,wbakesef24@imgur.com,Willette,Bakesef,7276212957,913
78,pburleigh25@cnn.com,Prudence,Burleigh,3141317082,196
79,bjacmard26@istockphoto.com,Bertie,Jacmard,3404349307,408
80,rdunks27@is.gd,Raviv,Dunks,8863775321,697
81,edinan28@sogou.com,Esmaria,Dinan,3137928379,674
82,cspeenden29@plala.or.jp,Cymbre,Speenden,1939473908,213
83,swalklott2a@ucla.edu,Sibylla,Walklott,1161971304,715
84,mainsworth2b@com.com,Mel,Ainsworth,9206753566,923
85,gbrewin2c@ow.ly,Godart,Brewin,6277901901,799
86,hgoodge2d@g.co,Hanan,Goodge,2312226099,801
87,hcomelini2e@mozilla.org,Hedi,Comelini,9712061582,89
88,kstubbings2f@123-reg.co.uk,Kylie,Stubbings,7764382095,412
89,cworsalls2g@youku.com,Cross,Worsalls,3816248983,529
90,mrowen2h@wufoo.com,Mano,Rowen,4972564573,112
91,ggraber2i@netscape.com,Gerald,Graber,7625958588,993
92,rmcgilvra2j@sun.com,Royal,McGilvra,9731247982,746
93,hlinguard2k@nba.com,Hobey,Linguard,4793776947,780
94,nkeal2l@cnbc.com,Natalya,Keal,7014122996,855
95,mlinggood2m@hostgator.com,Moll,Linggood,1485998105,6
96,dstephenson2n@woothemes.com,Dewie,Stephenson,2123098230,243
97,adunkersley2o@cyberchimps.com,Ardyth,Dunkersley,5965073353,441
98,agothard2p@google.com.br,Aile,Gothard,6779186212,914
99,bstansbury2q@dropbox.com,Bronnie,Stansbury,6086679261,169
100,lrogans2r@1und1.de,Lindon,Rogans,5721258863,391
101,vwoodcock2s@ifeng.com,Virgie,Woodcock,8996821756,986
102,mtuley2t@google.es,Manon,Tuley,4679197816,733
103,imacrinn2u@indiegogo.com,Izabel,MacRinn,7874098426,572
104,cbrun2v@joomla.org,Cornela,Brun,8953238749,167
105,ooxe2w@ocn.ne.jp,Othelia,Oxe,5485761712,120
106,gshakelade2x@ebay.com,Georgianna,Shakelade,7303632493,844
107,ndecleen2y@indiegogo.com,Nan,De Cleen,4056922967,645
108,lkadd2z@marketwatch.com,Lucienne,Kadd,9529593932,884
109,fbugbird30@icio.us,Fianna,Bugbird,5972978388,470
110,mmcdowall31@canalblog.com,Miguel,McDowall,8545482043,744
111,vmeeks32@ameblo.jp,Vincent,Meeks,8771532367,231
112,rshadrach33@google.it,Rozalin,Shadrach,5308578278,156
113,rvosse34@skype.com,Randie,Vosse,3042994089,58
114,fsurpliss35@gnu.org,Fanni,Surpliss,7252655337,484
115,epuddefoot36@ycombinator.com,Enid,Puddefoot,4101080343,64
116,dsitford37@hud.gov,Diarmid,Sitford,3598125430,34
117,lconigsby38@tuttocitta.it,Leontine,Conigsby,7273285026,385
118,nconachy39@mit.edu,Nicky,Conachy,2338202309,659
119,kheggs3a@phpbb.com,Karena,Heggs,8485911492,178
120,bglover3b@vistaprint.com,Brendis,Glover,7295481438,383
121,elinde3c@auda.org.au,Erminia,Linde,4006827440,36
122,rsweetnam3d@opera.com,Rodney,Sweetnam,9478687765,796
123,apretsel3e@ucoz.com,Alphonse,Pretsel,4222315223,792
124,wburrows3f@theguardian.com,Wake,Burrows,1154522028,847
125,nmacpharlain3g@globo.com,Nyssa,MacPharlain,4837944896,793
126,stweddell3h@columbia.edu,Sibella,Tweddell,9914084028,448
127,bmatyashev3i@adobe.com,Barnebas,Matyashev,5023814109,680
128,dyuryev3j@eventbrite.com,Dorolisa,Yuryev,1882867659,69
129,mperche3k@ca.gov,Maryanne,Perche,7328812747,817
130,croddie3l@geocities.jp,Constancia,Roddie,9095909836,601
131,sfoster3m@rakuten.co.jp,Stefan,Foster,4178454916,879
132,sfarrall3n@webeden.co.uk,Silvano,Farrall,6646004901,206
133,cbyrd3o@mac.com,Cariotta,Byrd,4757174358,343
134,jknevett3p@netscape.com,Johnathan,Knevett,7013356718,508
135,blortz3q@fema.gov,Brigg,Lortz,9835543451,922
136,hlivoir3r@blogspot.com,Hewie,Livoir,2539784055,62
137,alangan3s@theatlantic.com,Alaric,Langan,5805111804,668
138,ccozby3t@independent.co.uk,Carlin,Cozby,1759965588,135
139,gtoby3u@xinhuanet.com,Giuseppe,Toby,9626927476,157
140,rfellis3v@patch.com,Raymond,Fellis,1275661639,368
141,jbough3w@vkontakte.ru,Janine,Bough,4175547942,69
142,chiner3x@globo.com,Claudianus,Hiner,9294212622,389
143,okentish3y@diigo.com,Olenolin,Kentish,9493888427,10
144,aanselm3z@cafepress.com,Arabelle,Anselm,7323362162,347
145,mzupo40@fda.gov,Megen,Zupo,1932288240,129
146,rblaes41@ucoz.ru,Reuven,Blaes,7684003235,843
147,pollerhead42@eventbrite.com,Paule,Ollerhead,9513024235,720
148,blesmonde43@techcrunch.com,Buddy,Lesmonde,4215180115,677
149,fberrow44@webs.com,Frannie,Berrow,4426132924,487
150,garnhold45@businessinsider.com,Garek,Arnhold,7756767274,726
151,gallain46@cdc.gov,Giffard,Allain,5542339276,928
152,gpartleton47@nps.gov,Gretal,Partleton,1846215246,326
153,prawsthorn48@linkedin.com,Philip,Rawsthorn,7763405954,418
154,wzanotti49@chronoengine.com,Wheeler,Zanotti,4121612716,8
155,aevert4a@epa.gov,Amelita,Evert,6531142150,748
156,hdelagua4b@umn.edu,Hailee,Delagua,2235449944,636
157,jbartot4c@tripod.com,Jerry,Bartot,7213626381,597
158,mcollier4d@chronoengine.com,Morrie,Collier,9877212375,120
159,kkeld4e@go.com,Karina,Keld,3276459039,310
160,cwoodburn4f@ibm.com,Ciro,Woodburn,8187125964,577
161,mhumes4g@cnbc.com,Marybelle,Humes,8068305463,807
162,mcastells4h@wix.com,Mercie,Castells,9947665874,553
163,awalklate4i@ucoz.com,Annie,Walklate,2265675497,741
164,choggins4j@youku.com,Chase,Hoggins,7798673784,429
165,mtrunby4k@theglobeandmail.com,Mathe,Trunby,7959732512,127
166,eohanvey4l@phpbb.com,Elenore,O' Hanvey,8427057722,605
167,rdron4m@apple.com,Rayner,Dron,1497758096,496
168,dgirling4n@eventbrite.com,Danya,Girling,9491558728,563
169,cgrunson4o@delicious.com,Cletus,Grunson,8632947610,177
170,zschwandt4p@unblog.fr,Zia,Schwandt,2619389244,28
171,rfalla4q@smh.com.au,Rivkah,Falla,9999235568,493
172,smccombe4r@blogs.com,Shaylah,Mc Combe,3031082312,15
173,melix4s@chronoengine.com,Melva,Elix,9273312628,616
174,rbilling4t@nsw.gov.au,Ronnica,Billing,4715885369,145
175,ndozdill4u@reuters.com,Nichole,Dozdill,4218108552,391
176,djereatt4v@sakura.ne.jp,Davidde,Jereatt,2866489482,509
177,rsharper4w@google.es,Rhodie,Sharper,7497432800,678
178,bentwisle4x@gmpg.org,Barb,Entwisle,8596287263,207
179,smallaby4y@wordpress.com,Stevie,Mallaby,7132026344,424
180,khailey4z@google.com,Katie,Hailey,3507778594,946
181,bsimkiss50@reddit.com,Bibbie,Simkiss,2199297971,222
182,adorsett51@squarespace.com,Ash,Dorsett,1513458409,865
183,jpine52@clickbank.net,Jo ann,Pine,5993567840,169
184,morum53@google.co.uk,Morganica,Orum,7835935759,311
185,jkeaves54@wired.com,Jedd,Keaves,6306742570,786
186,lcorss55@blogspot.com,Livvie,Corss,6953038902,734
187,tshevels56@redcross.org,Tilda,Shevels,8699563230,256
188,mfrizzell57@trellian.com,Maurise,Frizzell,5687364461,716
189,dstephens58@pcworld.com,Debera,Stephens,8736638742,261
190,hwoolland59@sitemeter.com,Halie,Woolland,3509659848,106
191,mhenrys5a@army.mil,Margaret,Henrys,7894165173,451
192,sglanister5b@dailymail.co.uk,Shaine,Glanister,3093786670,295
193,ceadmeads5c@sogou.com,Cheslie,Eadmeads,5017810313,894
194,jkelf5d@ning.com,Jasmina,Kelf,9687524422,694
195,kduddy5e@jiathis.com,Kala,Duddy,7113670485,259
196,vgurner5f@mapquest.com,Verile,Gurner,7838263615,640
197,klitton5g@latimes.com,Keene,Litton,1211658041,551
198,dlegon5h@spotify.com,Daryl,Legon,5735323455,361
199,dferrie5i@youtu.be,Drucill,Ferrie,1457057802,209
200,rlenoir5j@oaic.gov.au,Rice,Le Noir,5518608964,699
201,dtrelease5k@hostgator.com,Dannie,Trelease,9205644167,305
202,hgould5l@twitpic.com,Hallsy,Gould,8521121938,907
203,fspreadbury5m@toplist.cz,Fayette,Spreadbury,9003310541,109
204,edillimore5n@tiny.cc,Elianore,Dillimore,4411428553,46
205,hwandless5o@toplist.cz,Hadleigh,Wandless,9687924396,298
206,shiskey5p@ehow.com,Sharyl,Hiskey,6577629765,955
207,jclynmans5q@techcrunch.com,Jobie,Clynmans,7079913066,493
208,dbirden5r@narod.ru,Dahlia,Birden,6439472854,882
209,gpounds5s@surveymonkey.com,Guendolen,Pounds,9195818045,975
210,msibille5t@google.com,Mortimer,Sibille,9505900194,247
211,hsherer5u@jimdo.com,Hermon,Sherer,8495558196,359
212,bantal5v@quantcast.com,Betti,Antal,4142867423,221
213,blautie5w@stumbleupon.com,Berny,Lautie,9361771407,420
214,ktottie5x@tinypic.com,Kaspar,Tottie,7135750664,611
215,abrocket5y@usa.gov,Augy,Brocket,2668376603,540
216,gogleasane5z@comcast.net,Gwendolen,O'Gleasane,8225068036,350
217,imabey60@tmall.com,Isaac,Mabey,8324262956,271
218,yconstantine61@dedecms.com,Yolanthe,Constantine,6201490805,766
219,rgheorghescu62@ameblo.jp,Rasla,Gheorghescu,2001416634,210
220,dmaccostigan63@theatlantic.com,Darla,MacCostigan,8016251938,518
221,cwhitnall64@hao123.com,Claudia,Whitnall,1158412376,483
222,nburcher65@bbc.co.uk,Nelli,Burcher,4401241247,905
223,weiler66@mac.com,Worden,Eiler,3421190906,818
224,kstrathdee67@huffingtonpost.com,Klemens,Strathdee,9132260388,53
225,loleksiak68@domainmarket.com,Luella,Oleksiak,2568133321,16
226,abustin69@purevolume.com,Agustin,Bustin,4509471159,639
227,mgoodrich6a@webs.com,Mayer,Goodrich,6909472480,714
228,shinrichs6b@lulu.com,Sibylla,Hinrichs,2356833251,637
229,dgoulter6c@usa.gov,Durand,Goulter,7519508660,927
230,mvallantine6d@stumbleupon.com,Madelin,Vallantine,6493899451,16
231,gholdren6e@dell.com,Georgia,Holdren,5606350618,781
232,cforster6f@homestead.com,Cynde,Forster,7067867864,710
233,acausnett6g@booking.com,Aldwin,Causnett,5389143103,851
234,adrance6h@altervista.org,Alberik,Drance,7681028239,660
235,sgreening6i@fda.gov,Sharai,Greening,5138130214,341
236,mlening6j@soundcloud.com,Micheil,Lening,9451934892,454
237,mprettyjohns6k@yellowbook.com,Merrick,Prettyjohns,7997934235,230
238,cmabee6l@xinhuanet.com,Christine,Mabee,2331183995,890
239,pkneeshaw6m@digg.com,Paddy,Kneeshaw,6946548877,706
240,mwheelhouse6n@cargocollective.com,Maggie,Wheelhouse,9854688024,857
241,jdedantesie6o@dailymail.co.uk,Julie,De Dantesie,7113715754,567
242,wfrostdick6p@fda.gov,Wilt,Frostdick,6571403216,420
243,cvanshin6q@spotify.com,Chico,Vanshin,7909675260,522
244,tfidge6r@myspace.com,Townie,Fidge,9296372247,867
245,bmcasgill6s@timesonline.co.uk,Bond,McAsgill,1625040992,498
246,dbrolly6t@mtv.com,Debi,Brolly,2021509288,36
247,vhorwell6u@google.com,Valaria,Horwell,4503522071,128
248,kloxton6v@biglobe.ne.jp,Karlens,Loxton,5434030937,573
249,sswinford6w@diigo.com,Sherie,Swinford,2663455206,997
250,ggoddertsf6x@europa.eu,Gallard,Goddert.sf,6233183430,110
251,smccleary6y@sohu.com,Sande,McCleary,8392762655,943
252,kpotteridge6z@virginia.edu,Kiah,Potteridge,2219418484,876
253,tkillik70@wordpress.org,Tamara,Killik,3511599311,734
254,pmcelory71@etsy.com,Pansy,McElory,1783616032,759
255,ccoveney72@networkadvertising.org,Claude,Coveney,3579331973,619
256,ahaggidon73@blogspot.com,Alyss,Haggidon,6143102946,257
257,eroly74@nps.gov,Evin,Roly,3996233453,899
258,kgeindre75@godaddy.com,Keri,Geindre,6447438414,470
259,skyllford76@mapy.cz,Sadella,Kyllford,7197644175,383
260,ssilwood77@mapquest.com,Shae,Silwood,2255431510,527
261,schape78@vistaprint.com,Salvatore,Chape,1569116624,320
262,jdickenson79@netscape.com,Juana,Dickenson,3652406134,952
263,blestrange7a@imageshack.us,Belicia,Le Strange,1702887990,150
264,ggate7b@google.es,Gallard,Gate,4027600424,285
265,dflatley7c@eepurl.com,Dorian,Flatley,3792373371,752
266,wcookman7d@timesonline.co.uk,Wells,Cookman,6811495979,826
267,jidwalevans7e@google.pl,Juliana,Idwal Evans,9632101478,266
268,dfeatherbie7f@nyu.edu,Daffi,Featherbie,4917188842,256
269,respinha7g@dion.ne.jp,Rickert,Espinha,6427137296,185
270,dbrotherick7h@hp.com,Dorine,Brotherick,2152158674,174
271,dstode7i@google.co.uk,Deni,Stode,7854451977,842
272,atroke7j@businessinsider.com,Alexei,Troke,5406120312,898
273,vquipp7k@hud.gov,Virginia,Quipp,7079610894,397
274,bfilpo7l@shinystat.com,Brina,Filpo,6695578338,556
275,kmaddox7m@tumblr.com,Klemens,Maddox,5171041903,270
276,ctripon7n@state.gov,Clotilda,Tripon,3737607400,867
277,lblaske7o@salon.com,Leigh,Blaske,2039146092,281
278,bmatiewe7p@networksolutions.com,Boyce,Matiewe,8208747861,162
279,lfausch7q@ezinearticles.com,Lorna,Fausch,6904626772,54
280,cdinesen7r@chron.com,Consuela,Dinesen,4072328833,683
281,sberthod7s@icio.us,Shelagh,Berthod,8792043667,454
282,mbutterfield7t@zimbio.com,Marielle,Butterfield,5424947961,623
283,bsantori7u@furl.net,Bird,Santori,5605195466,723
284,qsweet7v@foxnews.com,Quintin,Sweet,8675703778,662
285,bgolland7w@adobe.com,Bartolomeo,Golland,1376192900,661
286,sgavaran7x@cpanel.net,Saundra,Gavaran,9506786169,531
287,mgallehawk7y@spotify.com,Marta,Gallehawk,2933700260,913
288,kleipoldt7z@posterous.com,Kellen,Leipoldt,5218963119,634
289,bmcmyler80@quantcast.com,Bank,McMyler,8065723673,653
290,eslack81@cocolog-nifty.com,Eolanda,Slack,7145625406,359
291,aboniface82@surveymonkey.com,Adrianne,Boniface,5652906382,488
292,rbool83@comcast.net,Rafaela,Bool,2328654872,3
293,cpie84@networksolutions.com,Chere,Pie,8019366749,537
294,wshurrock85@china.com.cn,Wren,Shurrock,5546477707,91
295,gclewett86@google.com.hk,Gabe,Clewett,8695724128,134
296,wschimpke87@eventbrite.com,Wit,Schimpke,9042983294,612
297,brushbury88@mashable.com,Birdie,Rushbury,2582585693,357
298,jshewan89@digg.com,Jimmie,Shewan,1818682658,459
299,emanvelle8a@nyu.edu,Etti,Manvelle,7563457854,983
300,wlummasana8b@dailymotion.com,Wilie,Lummasana,8593527730,155
301,cstreatley8c@marketwatch.com,Curr,Streatley,3493271713,310
302,twinsome8d@cnet.com,Timmy,Winsome,6277515487,80
303,tstarbeck8e@odnoklassniki.ru,Tracey,Starbeck,9053277763,648
304,dcowsby8f@biblegateway.com,Darla,Cowsby,1172460018,764
305,mtejero8g@army.mil,Merill,Tejero,6435785700,616
306,kpeart8h@slideshare.net,Kira,Peart,8257705164,223
307,mricold8i@usgs.gov,Murdock,Ricold,1426608589,381
308,rchupin8j@yale.edu,Roxy,Chupin,6657523500,470
309,dnewdick8k@toplist.cz,Dino,Newdick,1164271385,983
310,ethackston8l@amazonaws.com,Emerson,Thackston,3548076495,604
311,cgrellier8m@hubpages.com,Claudianus,Grellier,3162579344,139
312,cflockhart8n@wiley.com,Collin,Flockhart,7424601726,470
313,rmossom8o@hostgator.com,Rog,Mossom,3525876923,848
314,sponte8p@youtu.be,Stinky,Ponte,4314399330,689
315,emccallam8q@ibm.com,Euphemia,McCallam,9821161528,757
316,nmunt8r@wikipedia.org,Noelyn,Munt,3179367003,187
317,ccurnucke8s@amazon.de,Cooper,Curnucke,2219790340,770
318,kayce8t@facebook.com,Kristin,Ayce,2999981696,311
319,ascoyles8u@sun.com,Abdul,Scoyles,8221491431,349
320,aquiney8v@goo.gl,Adams,Quiney,9628396236,474
321,hkernan8w@china.com.cn,Heloise,Kernan,5806880628,198
322,cvant8x@nhs.uk,Claiborn,Vant,1223873985,246
323,mafield8y@qq.com,Mathian,Afield,1269693498,916
324,bshalloo8z@unicef.org,Baudoin,Shalloo,3764738339,956
325,mthorold90@ifeng.com,Martelle,Thorold,9507446330,582
326,jcasaro91@xrea.com,Jamesy,Casaro,6944785152,925
327,valmack92@tamu.edu,Violetta,Almack,7582281826,489
328,atollady93@smugmug.com,Anette,Tollady,2676691355,970
329,qaughton94@arstechnica.com,Quinn,Aughton,8011603255,661
330,oboulger95@unblog.fr,Ogden,Boulger,7521173102,52
331,bjilliss96@aboutads.info,Barret,Jilliss,9953246044,457
332,pedser97@columbia.edu,Pat,Edser,9768247177,646
333,cbrownill98@geocities.jp,Christos,Brownill,5929529900,473
334,fcastell99@noaa.gov,Faustine,Castell,4135265970,96
335,mteasell9a@gmpg.org,Montague,Teasell,4657857895,779
336,rbuesden9b@topsy.com,Raeann,Buesden,2925024769,70
337,vbungey9c@hp.com,Verina,Bungey,3688521087,134
338,kcaunce9d@photobucket.com,Kellby,Caunce,5845249760,480
339,rhenricsson9e@theatlantic.com,Renie,Henricsson,2209784279,425
340,mfewkes9f@rakuten.co.jp,Mikel,Fewkes,4493314405,737
341,tmeader9g@ted.com,Trace,Meader,8347549128,956
342,tnormabell9h@irs.gov,Tadd,Normabell,5298383208,273
343,cinnes9i@oracle.com,Cynthy,Innes,7689510597,664
344,cradbone9j@stanford.edu,Carleton,Radbone,7098010271,790
345,jsmallsman9k@biglobe.ne.jp,Julina,Smallsman,6599645950,985
346,bdelafield9l@paginegialle.it,Bell,DelaField,1841074206,837
347,mhayley9m@slashdot.org,Margot,Hayley,8663273442,764
348,moki9n@statcounter.com,Mack,Oki,9543626827,291
349,mmcconville9o@marriott.com,Matty,McConville,4197701949,990
350,cgantzman9p@nytimes.com,Cullen,Gantzman,4883495664,14
351,joconor9q@ihg.com,Josi,O'Conor,5057819088,935
352,watherley9r@senate.gov,Waylin,Atherley,4142930728,703
353,cmordey9s@studiopress.com,Chery,Mordey,1968961004,693
354,aessame9t@senate.gov,Alejoa,Essame,6766619275,432
355,shedge9u@elegantthemes.com,Shannah,Hedge,4878472959,549
356,gthoumas9v@eventbrite.com,Gilberta,Thoumas,3741059539,769
357,imiddle9w@reverbnation.com,Iago,Middle,3602309705,184
358,tsheehan9x@cbsnews.com,Tania,Sheehan,8651088622,576
359,avasilov9y@privacy.gov.au,Ase,Vasilov,8652315918,211
360,fclaringbold9z@trellian.com,Francesca,Claringbold,6928979314,401
361,llowerya0@shutterfly.com,Layla,Lowery,8357072993,493
362,jpadberya1@wufoo.com,Judy,Padbery,9856039585,217
363,nrubinszteina2@g.co,Nari,Rubinsztein,8635560254,964
364,ylindena3@macromedia.com,Ysabel,Linden,1936695894,74
365,scassea4@netlog.com,Salomon,Casse,9772391071,541
366,vpennringtona5@51.la,Valdemar,Pennrington,3513620168,270
367,cclaricoatsa6@marriott.com,Colan,Claricoats,7035166381,782
368,asconcea7@ycombinator.com,Amelie,Sconce,1732527158,842
369,htrevaskissa8@joomla.org,Horatio,Trevaskiss,2714416017,168
370,mkhilkova9@delicious.com,Marti,Khilkov,6369722213,147
371,dalredaa@wsj.com,Devin,Alred,4038261958,806
372,vfebreab@dyndns.org,Vonny,Febre,3348258601,716
373,hmackimmac@cpanel.net,Hakeem,MacKimm,4889313236,693
374,osissonad@icq.com,Ozzie,Sisson,3223548605,206
375,etongueae@cbsnews.com,Edgard,Tongue,1403127366,301
376,mochterlonyaf@people.com.cn,Malanie,Ochterlony,8492846694,83
377,pcashellag@printfriendly.com,Pegeen,Cashell,5144051464,961
378,hjeanelah@parallels.com,Holly-anne,Jeanel,5406573589,688
379,storbetai@yellowbook.com,Stavros,Torbet,2904229215,654
380,ffrancklynaj@icq.com,Franciskus,Francklyn,2833400573,390
381,fsuggeak@redcross.org,Florencia,Sugge,7196317901,239
382,ganstieal@cbc.ca,Georges,Anstie,1592626060,333
383,ojuaresam@fc2.com,Orville,Juares,1118645585,624
384,jboardmanan@youtube.com,Judon,Boardman,2577669751,911
385,dfarnfieldao@harvard.edu,Dinah,Farnfield,3556330475,171
386,adanilyakap@geocities.jp,Andre,Danilyak,5915845399,662
387,gsiccombeaq@berkeley.edu,Grove,Siccombe,2349805145,182
388,rshottinar@pagesperso-orange.fr,Ranique,Shottin,4034441988,942
389,zgasnellas@usa.gov,Zeb,Gasnell,7026014589,934
390,mdurandat@google.cn,Massimiliano,Durand,7206548184,364
391,eogelsbyau@smh.com.au,Essa,Ogelsby,3492992312,152
392,nvowlesav@gov.uk,Nessy,Vowles,9981862589,948
393,ebaszniakaw@cbslocal.com,Enrika,Baszniak,1273013961,844
394,afewax@cmu.edu,Alphonso,Few,8466833223,241
395,bmowattay@google.com,Bil,Mowatt,3144084626,527
396,egodboldaz@miibeian.gov.cn,Erminia,Godbold,2042684352,814
397,lgiggsb0@pagesperso-orange.fr,Lexie,Giggs,8941419085,728
398,hblasb1@newsvine.com,Hamlen,Blas,4663466987,143
399,gcristofolinib2@eventbrite.com,Goddard,Cristofolini,5988502864,896
400,mroystonb3@vkontakte.ru,Marleen,Royston,9233922063,593
401,fdadamob4@ask.com,Florinda,D'Adamo,7132409890,90
402,wlamplughb5@thetimes.co.uk,Willi,Lamplugh,5376624273,624
403,sstanneringb6@multiply.com,Sascha,Stannering,4449991699,366
404,rhebsonb7@canalblog.com,Rubie,Hebson,8239357430,374
405,cplumsteadb8@sbwire.com,Celie,Plumstead,1975313710,268
406,ecrookallb9@livejournal.com,Elsy,Crookall,7868572218,617
407,tbruinba@discuz.net,Tanner,Bruin,4079866721,421
408,kmacaskiebb@theglobeandmail.com,Katine,MacAskie,4988475794,361
409,kcowchabc@ox.ac.uk,Kyrstin,Cowcha,6358229176,645
410,mhuebd@photobucket.com,Mickie,Hue,6902003975,86
411,gdowleybe@1und1.de,Gib,Dowley,1101544097,794
412,nlepickbf@bizjournals.com,Nathanael,Lepick,9588584419,290
413,senglefieldbg@csmonitor.com,Shannah,Englefield,4469325002,862
414,wskellybh@microsoft.com,Waite,Skelly,7417980876,301
415,lhekkertbi@stanford.edu,Lusa,Hekkert,7707734886,94
416,cjellemanbj@sourceforge.net,Constancy,Jelleman,3516152765,352
417,abroaderbk@telegraph.co.uk,Ambros,Broader,7071226275,662
418,lshilvockbl@intel.com,Leeann,Shilvock,1405631598,871
419,gdutsonbm@sina.com.cn,Gabie,Dutson,4501691313,714
420,hstubbingtonbn@independent.co.uk,Herrick,Stubbington,8055288801,222
421,shussetbo@businessinsider.com,Sheffy,Husset,3154049153,964
422,vmolineauxbp@eventbrite.com,Vyky,Molineaux,9775242170,807
423,cdufourebq@wix.com,Calley,Dufoure,7219618954,617
424,rworsnapbr@google.it,Roldan,Worsnap,2473138787,47
425,fbarwackbs@mozilla.org,Florance,Barwack,8238762289,848
426,crimourbt@buzzfeed.com,Cyndy,Rimour,4732751031,49
427,rcastrobu@51.la,Rivkah,Castro,4146031082,497
428,aarbucklebv@imgur.com,Audie,Arbuckle,9459037828,126
429,rlovemorebw@sciencedaily.com,Rosemaria,Lovemore,6867229940,87
430,lrainsbx@typepad.com,Lowell,Rains,8179156781,908
431,gdumbellby@imdb.com,Gabi,Dumbell,5741023514,618
432,gdumbarebz@vistaprint.com,Gib,Dumbare,9877415576,518
433,lhakkingc0@sohu.com,Leeanne,Hakking,2132067843,3
434,mburbudgec1@histats.com,Marybeth,Burbudge,6326515952,456
435,iredonc2@hexun.com,Isak,Redon,7145289172,767
436,lenionc3@1und1.de,Liz,Enion,7651273634,262
437,cdibiasic4@ycombinator.com,Caroline,Di Biasi,7443512811,366
438,ahousec5@auda.org.au,Ambros,House,4774238157,462
439,sdightc6@hostgator.com,Silvia,Dight,1649759021,4
440,azavattieric7@baidu.com,Agustin,Zavattieri,5083249679,462
441,hdwightc8@foxnews.com,Helen,Dwight,1806027056,883
442,cbuckellc9@wix.com,Christie,Buckell,7511387244,138
443,gkiddyca@yelp.com,Giuseppe,Kiddy,1893791558,951
444,mcritchleycb@time.com,Marrilee,Critchley,9034569922,317
445,clempkecc@lulu.com,Cesya,Lempke,3307137826,241
446,rblaxillcd@spiegel.de,Raven,Blaxill,3716116712,197
447,bblofieldce@feedburner.com,Barbee,Blofield,9462576577,969
448,dtollandcf@jimdo.com,Demetra,Tolland,8668922517,954
449,dsutcliffcg@google.nl,Dina,Sutcliff,4822222500,722
450,brourkech@arstechnica.com,Brenn,Rourke,5648449361,567
451,scossemci@wisc.edu,Shaylynn,Cossem,5981526338,711
452,wyeardsleycj@squidoo.com,Willard,Yeardsley,6924753521,88
453,srobertzck@businessinsider.com,Staffard,Robertz,1363854424,576
454,cgeevescl@reuters.com,Carlota,Geeves,6016692752,462
455,dcolliholecm@discuz.net,Delinda,Collihole,3984291699,59
456,tpithcockcn@ft.com,Tammy,Pithcock,8609399852,348
457,jcoulthartco@constantcontact.com,Jilleen,Coulthart,3491700534,421
458,grofecp@yolasite.com,Garry,Rofe,4413239049,545
459,roliphandcq@123-reg.co.uk,Red,Oliphand,6131028727,614
460,aburnyatecr@chronoengine.com,Aguie,Burnyate,8762888580,797
461,edudmeshcs@desdev.cn,Etienne,Dudmesh,1127592593,130
462,rmaccarranect@opensource.org,Richmound,MacCarrane,9522380740,286
463,rchealescu@yahoo.com,Ringo,Cheales,1389182910,854
464,adoecv@dell.com,Aldon,Doe,1287611733,205
465,hveschambescw@webeden.co.uk,Hermon,Veschambes,6035402208,777
466,dburwincx@reference.com,Dalston,BURWIN,2212463352,261
467,bgrowdency@storify.com,Bernice,Growden,8672445199,339
468,dlammerdingcz@wikipedia.org,Dulci,Lammerding,7673842188,801
469,pmcdavidd0@disqus.com,Prudi,McDavid,4243427504,114
470,gmakeswelld1@usnews.com,Gussie,Makeswell,6828081465,348
471,cgentild2@w3.org,Chet,Gentil,3309513121,175
472,bmaccleodd3@flavors.me,Bonita,MacCleod,1404461327,460
473,astreetd4@infoseek.co.jp,Anabal,Street,4339424795,792
474,rbrockwayd5@ycombinator.com,Rodrick,Brockway,7198094890,528
475,ppaxforded6@about.com,Paige,Paxforde,1897296204,321
476,kberendsd7@dropbox.com,Kenon,Berends,4634777896,65
477,atchaikovskyd8@noaa.gov,Adriaens,Tchaikovsky,4662310724,191
478,pstraffond9@army.mil,Pammy,Straffon,2348718066,649
479,gperigeauxda@creativecommons.org,Germana,Perigeaux,9763759292,71
480,djuraszdb@state.tx.us,Devland,Jurasz,9726952859,35
481,kokelleherdc@github.com,Klaus,O' Kelleher,5216635382,891
482,adallenderdd@fc2.com,Alejandra,Dallender,6584149672,46
483,ksheratonde@github.com,Kurt,Sheraton,2568861730,515
484,sboatwrightdf@behance.net,Sax,Boatwright,8454187346,611
485,bmunndg@stumbleupon.com,Benedict,Munn,1715240778,817
486,lhucksteppdh@chicagotribune.com,Lisabeth,Huckstepp,9778212522,608
487,dglederdi@cnbc.com,Davidson,Gleder,7266588556,20
488,hlaflindj@cdbaby.com,Harlin,Laflin,6004516415,312
489,jdollendk@ca.gov,Jan,Dollen,3852510350,572
490,gantonidl@webmd.com,Granger,Antoni,5409926523,556
491,trolfinidm@godaddy.com,Tommi,Rolfini,8516375762,855
492,acornilsdn@naver.com,Andi,Cornils,2957677050,689
493,hchoffindo@privacy.gov.au,Hadria,Choffin,9705279701,792
494,jpemberdp@discuz.net,Jeane,Pember,2229526446,378
495,twraggdq@rambler.ru,Trevar,Wragg,7618117881,366
496,rjeanneldr@yellowbook.com,Robinet,Jeannel,8597537573,307
497,dandrids@hubpages.com,Deerdre,Andri,3525581441,863
498,mpiedt@statcounter.com,Morten,Pie,5133688072,481
499,arisebrowdu@prweb.com,Anabelle,Risebrow,1192181306,59
500,lyetmandv@psu.edu,Laura,Yetman,9122361699,330
