RequestDate,RequestCommentary,RequestStatus,RequestId(PK),AdminId(FK),RestaurantId(FK),MealId(FK)
6/5/2019,Robust hybrid firmware,false,1,1,1,1
3/21/2020,Re-contextualized modular leverage,true,2,2,2,2
3/1/2021,Configurable 24/7 concept,false,3,3,3,3
8/19/2019,Reverse-engineered well-modulated secured line,true,4,4,4,4
4/7/2020,Profit-focused grid-enabled process improvement,true,5,5,5,5
3/4/2021,Intuitive bandwidth-monitored groupware,false,6,6,6,6
10/9/2019,Team-oriented transitional product,false,7,7,7,7
2/5/2021,Profound holistic open system,true,8,8,8,8
5/1/2020,Reactive stable solution,true,9,9,9,9
1/4/2020,Inverse zero tolerance moderator,false,10,10,10,10
9/13/2019,Digitized reciprocal artificial intelligence,false,11,11,11,11
9/23/2020,Synergized modular analyzer,true,12,12,12,12
5/14/2019,Devolved interactive throughput,true,13,13,13,13
1/11/2020,User-centric secondary array,true,14,14,14,14
5/27/2019,Realigned zero tolerance throughput,false,15,15,15,15
11/4/2019,Centralized bifurcated open system,true,16,16,16,16
8/27/2019,Vision-oriented tangible algorithm,false,17,17,17,17
6/16/2019,Down-sized reciprocal circuit,false,18,18,18,18
5/8/2020,Visionary upward-trending standardization,false,19,19,19,19
7/11/2020,Proactive systemic secured line,false,20,20,20,20
9/2/2020,Open-source eco-centric website,true,21,21,21,21
6/26/2019,Face to face actuating alliance,false,22,22,22,22
1/30/2020,Phased multi-state database,false,23,23,23,23
4/13/2019,Open-architected incremental circuit,false,24,24,24,24
4/26/2020,Organic next generation process improvement,true,25,25,25,25
11/15/2019,Total value-added approach,true,26,26,26,26
11/7/2019,Advanced tangible throughput,false,27,27,27,27
5/8/2019,Balanced responsive knowledge user,false,28,28,28,28
5/26/2020,Multi-channelled needs-based success,false,29,29,29,29
7/6/2020,Adaptive value-added open architecture,true,30,30,30,30
3/3/2021,Polarised client-server internet solution,false,31,31,31,31
5/6/2020,User-friendly leading edge ability,false,32,32,32,32
9/2/2020,Intuitive incremental projection,true,33,33,33,33
4/4/2019,Progressive systemic approach,false,34,34,34,34
10/9/2019,Universal maximized focus group,true,35,35,35,35
3/26/2020,Distributed well-modulated conglomeration,true,36,36,36,36
12/10/2020,Persistent executive strategy,true,37,37,37,37
2/11/2020,Stand-alone solution-oriented policy,true,38,38,38,38
5/14/2019,Profound holistic open system,false,39,39,39,39
2/27/2020,Robust national service-desk,false,40,40,40,40
6/28/2019,Networked modular artificial intelligence,true,41,41,41,41
9/18/2020,Synergistic clear-thinking project,true,42,42,42,42
7/9/2019,Ameliorated homogeneous attitude,true,43,43,43,43
9/23/2019,Managed bi-directional flexibility,true,44,44,44,44
6/30/2020,Profit-focused contextually-based extranet,true,45,45,45,45
7/31/2019,Programmable clear-thinking contingency,false,46,46,46,46
11/19/2019,User-friendly bottom-line algorithm,true,47,47,47,47
12/3/2019,Automated context-sensitive database,false,48,48,48,48
2/10/2020,Enterprise-wide attitude-oriented synergy,true,49,49,49,49
12/21/2019,Robust user-facing hub,false,50,50,50,50
6/20/2020,Grass-roots secondary time-frame,false,51,51,51,51
2/28/2021,Multi-channelled object-oriented definition,true,52,52,52,52
9/26/2020,Synergistic global circuit,false,53,53,53,53
2/3/2020,Advanced logistical orchestration,false,54,54,54,54
1/2/2020,Total coherent toolset,true,55,55,55,55
5/9/2019,User-centric real-time leverage,false,56,56,56,56
10/26/2020,Innovative modular benchmark,false,57,57,57,57
10/2/2020,Implemented mission-critical artificial intelligence,false,58,58,58,58
1/11/2021,Inverse needs-based service-desk,false,59,59,59,59
2/12/2020,User-friendly optimizing array,false,60,60,60,60
11/17/2020,Integrated client-server policy,false,61,61,61,61
1/24/2020,Universal well-modulated attitude,false,62,62,62,62
8/5/2019,Synergistic actuating synergy,false,63,63,63,63
10/14/2020,Compatible neutral leverage,false,64,64,64,64
3/26/2020,Decentralized zero defect standardization,false,65,65,65,65
8/5/2020,Triple-buffered intangible neural-net,false,66,66,66,66
7/7/2020,Cross-group client-server projection,true,67,67,67,67
6/20/2020,Visionary 6th generation system engine,false,68,68,68,68
12/11/2020,Horizontal client-driven groupware,false,69,69,69,69
2/22/2021,Seamless well-modulated throughput,true,70,70,70,70
8/9/2020,Fundamental solution-oriented attitude,true,71,71,71,71
2/2/2021,Organized didactic solution,true,72,72,72,72
12/25/2019,User-friendly homogeneous definition,true,73,73,73,73
10/26/2020,Innovative encompassing middleware,true,74,74,74,74
12/6/2019,Customer-focused well-modulated software,false,75,75,75,75
4/30/2019,Polarised cohesive implementation,true,76,76,76,76
3/22/2020,Implemented 3rd generation contingency,false,77,77,77,77
9/23/2019,Reverse-engineered tangible protocol,true,78,78,78,78
1/15/2021,Optional systemic flexibility,false,79,79,79,79
2/15/2020,Total clear-thinking attitude,false,80,80,80,80
2/6/2020,Multi-channelled secondary complexity,false,81,81,81,81
6/29/2019,Self-enabling empowering local area network,true,82,82,82,82
1/26/2020,Organic empowering emulation,false,83,83,83,83
8/17/2019,Self-enabling secondary paradigm,true,84,84,84,84
6/3/2020,Focused coherent info-mediaries,true,85,85,85,85
8/15/2020,Future-proofed cohesive info-mediaries,false,86,86,86,86
4/17/2019,Customer-focused secondary throughput,true,87,87,87,87
11/24/2019,Visionary object-oriented internet solution,false,88,88,88,88
10/20/2020,Intuitive zero defect alliance,true,89,89,89,89
12/1/2020,Quality-focused holistic initiative,false,90,90,90,90
10/13/2019,Horizontal upward-trending implementation,false,91,91,91,91
12/16/2020,Persistent heuristic alliance,false,92,92,92,92
9/20/2020,Diverse disintermediate frame,false,93,93,93,93
6/15/2020,Visionary responsive architecture,true,94,94,94,94
9/16/2020,Exclusive stable conglomeration,false,95,95,95,95
5/10/2019,Profit-focused web-enabled approach,true,96,96,96,96
7/25/2019,Enhanced intangible circuit,false,97,97,97,97
12/6/2019,Balanced holistic hierarchy,false,98,98,98,98
6/4/2019,Multi-channelled stable utilisation,false,99,99,99,99
12/2/2019,Extended multimedia productivity,true,100,100,100,100
3/18/2020,User-centric explicit implementation,true,101,101,101,101
7/28/2019,Inverse next generation support,true,102,102,102,102
8/7/2019,Universal client-driven access,false,103,103,103,103
10/8/2019,Versatile fault-tolerant utilisation,true,104,104,104,104
6/5/2020,Synergized multimedia capacity,false,105,105,105,105
2/3/2020,Cross-platform 6th generation budgetary management,false,106,106,106,106
9/11/2019,Networked bottom-line intranet,false,107,107,107,107
7/14/2020,Cross-platform maximized definition,false,108,108,108,108
10/25/2020,Optional interactive projection,true,109,109,109,109
10/5/2020,Re-contextualized bifurcated portal,false,110,110,110,110
7/16/2019,Seamless grid-enabled conglomeration,false,111,111,111,111
6/18/2019,Business-focused client-server process improvement,true,112,112,112,112
6/27/2019,Centralized maximized software,true,113,113,113,113
11/20/2019,Multi-tiered user-facing alliance,false,114,114,114,114
8/21/2020,Pre-emptive full-range extranet,true,115,115,115,115
7/17/2019,Ameliorated tertiary software,true,116,116,116,116
1/17/2020,Team-oriented empowering methodology,true,117,117,117,117
3/21/2020,Horizontal zero tolerance methodology,false,118,118,118,118
3/6/2021,Advanced asynchronous help-desk,true,119,119,119,119
4/17/2020,Down-sized object-oriented throughput,false,120,120,120,120
10/28/2019,Versatile national task-force,false,121,121,121,121
2/6/2020,Function-based leading edge function,false,122,122,122,122
4/25/2020,Down-sized web-enabled framework,true,123,123,123,123
11/27/2019,Virtual object-oriented data-warehouse,true,124,124,124,124
10/9/2020,Cross-group stable archive,false,125,125,125,125
9/15/2020,Expanded motivating moratorium,false,126,126,126,126
2/6/2020,Synergistic empowering frame,false,127,127,127,127
5/11/2020,Grass-roots asynchronous circuit,true,128,128,128,128
6/13/2020,Virtual multimedia data-warehouse,true,129,129,129,129
1/31/2020,Mandatory full-range moratorium,false,130,130,130,130
2/29/2020,Optional multi-tasking portal,true,131,131,131,131
7/23/2020,Multi-channelled 5th generation productivity,false,132,132,132,132
2/9/2020,Open-architected regional portal,false,133,133,133,133
2/25/2021,Function-based multimedia open system,true,134,134,134,134
7/29/2019,Reduced client-driven application,true,135,135,135,135
3/3/2021,Diverse optimal core,true,136,136,136,136
12/8/2019,Reverse-engineered asynchronous matrices,true,137,137,137,137
2/3/2020,Team-oriented 5th generation open architecture,false,138,138,138,138
3/16/2020,Down-sized real-time service-desk,true,139,139,139,139
2/22/2020,Visionary non-volatile collaboration,true,140,140,140,140
10/25/2019,Universal fresh-thinking emulation,false,141,141,141,141
11/19/2020,Down-sized 4th generation time-frame,true,142,142,142,142
1/11/2020,Organized bifurcated initiative,false,143,143,143,143
8/19/2020,Horizontal global leverage,true,144,144,144,144
12/20/2019,Organized regional archive,false,145,145,145,145
10/12/2019,Persevering mission-critical internet solution,true,146,146,146,146
4/23/2019,Horizontal neutral budgetary management,true,147,147,147,147
1/30/2021,Profound holistic system engine,false,148,148,148,148
10/7/2020,Digitized content-based middleware,false,149,149,149,149
10/14/2019,Fully-configurable composite installation,false,150,150,150,150
6/9/2019,Front-line demand-driven info-mediaries,false,151,151,151,151
5/11/2020,Visionary tangible moratorium,false,152,152,152,152
7/24/2019,Stand-alone logistical focus group,true,153,153,153,153
5/19/2019,Multi-lateral next generation projection,true,154,154,154,154
7/11/2019,Implemented fresh-thinking analyzer,false,155,155,155,155
2/12/2020,Optimized asynchronous ability,false,156,156,156,156
9/4/2019,Implemented incremental implementation,true,157,157,157,157
5/3/2020,Intuitive bi-directional algorithm,false,158,158,158,158
5/26/2019,Mandatory methodical methodology,true,159,159,159,159
10/20/2020,Universal real-time workforce,true,160,160,160,160
4/6/2020,Re-contextualized tangible algorithm,false,161,161,161,161
12/6/2019,Integrated empowering moratorium,true,162,162,162,162
1/11/2021,Stand-alone bi-directional encryption,false,163,163,163,163
9/9/2019,Customizable interactive functionalities,false,164,164,164,164
12/19/2019,Implemented 3rd generation core,true,165,165,165,165
7/26/2020,Function-based clear-thinking software,false,166,166,166,166
8/10/2020,Cross-platform 24 hour website,false,167,167,167,167
9/2/2019,Object-based coherent benchmark,false,168,168,168,168
5/3/2019,Profit-focused systemic info-mediaries,false,169,169,169,169
1/11/2021,Cross-group scalable adapter,false,170,170,170,170
2/8/2020,Assimilated demand-driven superstructure,false,171,171,171,171
8/3/2019,Multi-tiered reciprocal toolset,false,172,172,172,172
10/16/2019,Focused zero administration customer loyalty,true,173,173,173,173
9/15/2020,Re-contextualized motivating framework,false,174,174,174,174
11/2/2019,Virtual even-keeled migration,false,175,175,175,175
5/20/2019,Team-oriented stable strategy,false,176,176,176,176
8/23/2020,Phased bandwidth-monitored artificial intelligence,false,177,177,177,177
10/14/2019,Expanded discrete Graphic Interface,false,178,178,178,178
4/13/2019,Programmable grid-enabled alliance,true,179,179,179,179
4/9/2020,Innovative mobile hub,false,180,180,180,180
1/30/2020,Intuitive methodical approach,false,181,181,181,181
8/1/2020,Total actuating approach,true,182,182,182,182
10/2/2020,Re-engineered stable flexibility,false,183,183,183,183
4/28/2019,Stand-alone tangible info-mediaries,true,184,184,184,184
7/26/2020,Assimilated object-oriented flexibility,true,185,185,185,185
1/29/2020,User-centric discrete monitoring,false,186,186,186,186
12/10/2019,Expanded secondary software,false,187,187,187,187
1/27/2020,Polarised 5th generation hub,false,188,188,188,188
2/12/2020,Reduced methodical hub,false,189,189,189,189
12/13/2020,De-engineered asymmetric framework,true,190,190,190,190
8/27/2019,Grass-roots foreground customer loyalty,false,191,191,191,191
3/27/2019,Organic tertiary budgetary management,true,192,192,192,192
12/13/2020,Inverse motivating contingency,true,193,193,193,193
11/2/2020,Visionary reciprocal customer loyalty,true,194,194,194,194
10/29/2019,Cloned web-enabled architecture,false,195,195,195,195
5/13/2019,Automated secondary firmware,true,196,196,196,196
11/24/2019,Visionary asymmetric capacity,true,197,197,197,197
11/16/2020,Compatible transitional website,false,198,198,198,198
1/27/2021,Upgradable local capacity,false,199,199,199,199
4/16/2019,Horizontal secondary superstructure,true,200,200,200,200
8/15/2019,Re-contextualized 6th generation paradigm,false,201,201,201,201
11/13/2020,Networked holistic superstructure,false,202,202,202,202
8/29/2019,Expanded scalable initiative,true,203,203,203,203
9/1/2019,Open-architected methodical support,true,204,204,204,204
2/3/2020,User-friendly non-volatile pricing structure,false,205,205,205,205
10/29/2020,Balanced dedicated conglomeration,false,206,206,206,206
7/20/2020,Pre-emptive asymmetric open architecture,false,207,207,207,207
5/13/2019,Programmable holistic functionalities,false,208,208,208,208
5/1/2019,Cloned client-driven pricing structure,true,209,209,209,209
6/28/2019,Robust zero tolerance internet solution,true,210,210,210,210
9/20/2019,Configurable regional Graphical User Interface,true,211,211,211,211
8/28/2019,Secured attitude-oriented projection,true,212,212,212,212
12/29/2020,Focused 24/7 task-force,true,213,213,213,213
9/26/2019,User-friendly logistical middleware,true,214,214,214,214
12/8/2019,Multi-channelled asymmetric core,false,215,215,215,215
6/30/2020,Synergized solution-oriented product,true,216,216,216,216
3/11/2020,Profit-focused homogeneous internet solution,false,217,217,217,217
9/1/2019,Intuitive well-modulated capability,true,218,218,218,218
9/22/2019,Polarised mission-critical flexibility,false,219,219,219,219
1/21/2020,Pre-emptive discrete ability,false,220,220,220,220
10/29/2019,Persistent 3rd generation middleware,true,221,221,221,221
1/5/2021,Focused cohesive firmware,true,222,222,222,222
5/25/2020,Persistent context-sensitive hierarchy,true,223,223,223,223
9/27/2019,Profit-focused maximized open architecture,true,224,224,224,224
3/24/2020,Proactive incremental middleware,true,225,225,225,225
5/20/2019,Business-focused modular process improvement,true,226,226,226,226
5/18/2020,Exclusive multi-state migration,false,227,227,227,227
11/22/2020,Extended optimizing system engine,false,228,228,228,228
8/23/2019,Open-source regional installation,true,229,229,229,229
7/26/2019,Realigned directional definition,true,230,230,230,230
9/4/2020,Realigned secondary encryption,false,231,231,231,231
12/29/2019,Self-enabling executive migration,true,232,232,232,232
11/3/2020,Streamlined zero defect analyzer,false,233,233,233,233
1/3/2020,Distributed attitude-oriented architecture,true,234,234,234,234
7/10/2020,Exclusive analyzing project,false,235,235,235,235
12/13/2020,Focused demand-driven superstructure,true,236,236,236,236
9/4/2020,Managed attitude-oriented algorithm,true,237,237,237,237
11/16/2019,Assimilated dedicated firmware,true,238,238,238,238
5/17/2020,Persevering 6th generation capability,false,239,239,239,239
8/27/2019,Implemented attitude-oriented instruction set,true,240,240,240,240
5/9/2019,Networked local instruction set,false,241,241,241,241
4/4/2019,Secured full-range orchestration,false,242,242,242,242
5/6/2019,Customer-focused composite open architecture,false,243,243,243,243
2/21/2020,Re-engineered motivating monitoring,true,244,244,244,244
2/20/2020,Reduced system-worthy implementation,true,245,245,245,245
2/2/2020,Mandatory responsive middleware,true,246,246,246,246
10/31/2020,Cloned transitional function,false,247,247,247,247
10/16/2019,Synchronised bifurcated open architecture,true,248,248,248,248
4/6/2019,Assimilated executive knowledge base,true,249,249,249,249
9/1/2019,Pre-emptive fault-tolerant info-mediaries,false,250,250,250,250
2/20/2020,Optimized disintermediate throughput,false,251,251,251,251
4/19/2019,Devolved clear-thinking application,false,252,252,252,252
3/1/2021,Quality-focused systemic alliance,true,253,253,253,253
12/31/2019,Compatible asymmetric knowledge user,true,254,254,254,254
9/20/2020,Ergonomic foreground focus group,true,255,255,255,255
5/29/2020,Phased eco-centric encryption,true,256,256,256,256
2/8/2020,Intuitive mobile projection,true,257,257,257,257
5/17/2019,Expanded holistic info-mediaries,false,258,258,258,258
3/14/2020,Versatile eco-centric success,true,259,259,259,259
4/17/2020,Profound local open architecture,false,260,260,260,260
10/11/2020,Synchronised didactic function,false,261,261,261,261
8/18/2020,Object-based actuating local area network,true,262,262,262,262
11/23/2020,Horizontal upward-trending task-force,false,263,263,263,263
9/3/2019,Inverse mobile internet solution,true,264,264,264,264
9/21/2019,Diverse exuding internet solution,false,265,265,265,265
4/7/2020,Reactive web-enabled approach,false,266,266,266,266
12/27/2020,Face to face client-driven middleware,false,267,267,267,267
7/10/2020,Managed tertiary attitude,false,268,268,268,268
5/19/2020,Upgradable foreground collaboration,false,269,269,269,269
4/17/2019,Devolved 6th generation groupware,false,270,270,270,270
3/30/2019,Virtual optimal info-mediaries,true,271,271,271,271
3/6/2020,Robust 24/7 leverage,true,272,272,272,272
5/15/2020,Open-architected stable frame,false,273,273,273,273
3/21/2020,Compatible human-resource complexity,true,274,274,274,274
1/10/2020,Multi-channelled eco-centric info-mediaries,false,275,275,275,275
5/20/2019,Future-proofed context-sensitive internet solution,false,276,276,276,276
7/27/2019,Managed heuristic functionalities,false,277,277,277,277
2/25/2021,Operative heuristic open architecture,true,278,278,278,278
9/17/2019,Polarised executive application,true,279,279,279,279
3/4/2020,Future-proofed interactive website,false,280,280,280,280
4/5/2019,User-friendly needs-based support,false,281,281,281,281
5/5/2020,Focused zero administration open architecture,true,282,282,282,282
3/21/2020,Multi-layered human-resource functionalities,true,283,283,283,283
5/26/2020,Advanced homogeneous knowledge user,false,284,284,284,284
2/25/2020,Synergized mobile standardization,false,285,285,285,285
2/15/2020,Profound optimizing moratorium,true,286,286,286,286
8/8/2019,Proactive uniform migration,false,287,287,287,287
4/4/2020,Sharable asynchronous structure,true,288,288,288,288
7/9/2019,Triple-buffered real-time paradigm,true,289,289,289,289
5/24/2019,Function-based contextually-based core,false,290,290,290,290
5/3/2020,Function-based asynchronous definition,false,291,291,291,291
9/8/2020,Decentralized multi-state firmware,false,292,292,292,292
3/29/2020,Decentralized logistical application,false,293,293,293,293
9/26/2020,Cross-group cohesive database,true,294,294,294,294
5/22/2020,Cross-group full-range policy,false,295,295,295,295
7/12/2019,Ergonomic system-worthy analyzer,true,296,296,296,296
8/28/2019,Vision-oriented bandwidth-monitored system engine,false,297,297,297,297
4/26/2020,Fully-configurable methodical methodology,false,298,298,298,298
11/14/2020,Expanded web-enabled artificial intelligence,false,299,299,299,299
4/15/2019,Multi-layered explicit analyzer,false,300,300,300,300
