schedule_id,date_created,end_time,other_details,start_time,person_id
1,8/6/2020,4:09,Total empowering capability,0:50,10
2,3/27/2021,1:50,Re-engineered bottom-line data-warehouse,18:50,6
3,6/5/2020,6:41,Mandatory solution-oriented analyzer,13:11,6
4,10/2/2020,7:24,Adaptive needs-based encoding,5:33,6
5,2/20/2021,9:39,Optimized background strategy,16:49,7
6,9/6/2020,0:45,Enterprise-wide demand-driven paradigm,16:54,9
7,10/22/2020,14:13,Multi-tiered eco-centric data-warehouse,1:08,10
8,4/21/2020,6:38,Persistent homogeneous support,23:02,7
9,10/27/2020,14:48,Ameliorated didactic secured line,17:05,10
10,6/2/2020,3:42,Synergized zero defect emulation,3:28,8
11,5/18/2020,9:51,Persistent dedicated protocol,9:01,9
12,6/10/2020,14:51,Universal full-range flexibility,11:30,9
13,5/12/2020,11:39,Operative fault-tolerant moderator,19:10,8
14,4/13/2020,2:58,Up-sized clear-thinking projection,9:23,10
15,4/25/2020,4:21,Triple-buffered encompassing process improvement,15:43,9
16,12/18/2020,3:05,Self-enabling next generation function,17:09,8
17,7/14/2020,21:23,De-engineered systemic website,8:12,8
18,6/29/2020,3:59,Total intermediate local area network,11:14,6
19,3/27/2021,9:30,Multi-tiered encompassing concept,4:52,10
20,10/9/2020,18:50,Phased directional service-desk,8:23,7
21,5/28/2020,9:30,Cross-group bifurcated Graphical User Interface,14:04,6
22,10/22/2020,0:16,Reactive responsive installation,9:26,8
23,9/17/2020,17:31,Open-architected context-sensitive software,9:38,7
24,10/15/2020,18:15,Re-contextualized attitude-oriented project,15:51,6
25,6/16/2020,11:24,Ameliorated next generation hierarchy,7:19,7
26,5/6/2020,11:09,Programmable coherent database,23:33,8
27,10/4/2020,22:00,Enhanced discrete knowledge user,3:16,9
28,6/28/2020,5:27,Configurable mission-critical challenge,13:06,10
29,8/5/2020,3:19,Re-contextualized client-server function,12:38,9
30,4/5/2020,11:07,Universal mission-critical matrices,7:03,8
31,2/22/2021,3:44,Grass-roots responsive attitude,1:43,7
32,8/18/2020,2:15,Secured heuristic secured line,7:26,8
33,12/28/2020,3:29,Proactive 24 hour ability,19:25,8
34,2/16/2021,14:27,Assimilated stable parallelism,15:31,7
35,7/19/2020,10:46,De-engineered 5th generation database,21:49,8
36,6/4/2020,4:32,De-engineered tangible orchestration,17:17,9
37,1/5/2021,4:53,Total attitude-oriented data-warehouse,21:37,8
38,1/26/2021,15:58,Profit-focused coherent software,21:19,10
39,8/31/2020,23:18,Assimilated background encryption,15:39,6
40,3/12/2021,22:52,Quality-focused even-keeled customer loyalty,8:33,8
41,1/19/2021,9:35,Re-contextualized directional capacity,13:59,9
42,5/11/2020,14:31,Multi-tiered multi-tasking policy,16:05,10
43,11/9/2020,13:47,Adaptive 5th generation policy,8:59,9
44,1/6/2021,11:46,Open-source human-resource solution,8:26,7
45,9/20/2020,10:33,Advanced 24/7 intranet,18:00,6
46,7/2/2020,10:01,Focused optimizing capability,2:33,7
47,6/16/2020,14:51,Streamlined incremental project,1:14,10
48,8/14/2020,1:00,Open-source fault-tolerant focus group,0:23,8
49,6/17/2020,18:11,Future-proofed mission-critical flexibility,15:38,8
50,1/29/2021,18:36,Self-enabling composite middleware,4:39,10
51,6/15/2020,1:33,Mandatory 5th generation internet solution,14:43,9
52,12/7/2020,15:26,Open-architected regional productivity,21:37,8
53,8/7/2020,7:38,Virtual non-volatile encoding,2:06,9
54,12/14/2020,14:29,Upgradable fault-tolerant hierarchy,15:43,10
55,4/15/2020,9:22,Fully-configurable foreground instruction set,8:01,10
56,2/10/2021,13:30,Profound attitude-oriented methodology,8:47,6
57,2/12/2021,23:10,Open-architected zero tolerance collaboration,13:24,9
58,11/1/2020,0:34,Centralized global internet solution,7:48,10
59,4/10/2020,4:13,Extended tangible software,4:15,9
60,6/16/2020,17:51,Triple-buffered leading edge success,22:15,10
61,3/23/2021,16:25,Compatible zero defect challenge,0:59,8
62,12/10/2020,5:06,Compatible content-based project,13:44,6
63,7/6/2020,15:38,Front-line intermediate synergy,8:26,9
64,6/23/2020,14:12,Adaptive discrete budgetary management,23:54,7
65,7/13/2020,4:53,Expanded asynchronous system engine,1:11,9
66,8/27/2020,8:04,Synergistic optimizing paradigm,9:27,10
67,9/14/2020,6:28,Organic responsive data-warehouse,6:22,7
68,11/1/2020,11:28,Pre-emptive maximized Graphical User Interface,16:41,7
69,1/6/2021,9:45,Visionary modular synergy,4:03,6
70,2/13/2021,15:20,Organic national standardization,8:56,7
71,4/5/2020,13:41,Self-enabling multimedia core,1:37,7
72,5/22/2020,5:11,Operative demand-driven encoding,3:50,9
73,8/5/2020,18:02,Business-focused optimizing info-mediaries,6:12,10
74,1/23/2021,5:24,Assimilated exuding ability,18:52,6
75,9/14/2020,6:20,Devolved dedicated success,21:39,6
76,8/15/2020,7:38,Seamless cohesive access,16:36,8
77,12/10/2020,4:43,Right-sized regional implementation,18:39,6
78,1/1/2021,14:34,Innovative multi-state attitude,23:11,9
79,7/8/2020,0:55,Exclusive foreground core,10:56,8
80,4/11/2020,0:25,Streamlined directional initiative,3:24,9
81,1/30/2021,18:29,Compatible value-added orchestration,20:30,9
82,12/15/2020,17:07,Multi-lateral exuding knowledge user,15:00,9
83,6/29/2020,19:45,Team-oriented mission-critical protocol,5:41,6
84,7/6/2020,12:35,Proactive motivating application,16:03,9
85,1/26/2021,7:58,Face to face secondary emulation,0:06,10
86,9/23/2020,5:35,Proactive homogeneous toolset,14:51,8
87,5/20/2020,7:29,Customizable multi-state knowledge user,5:17,8
88,11/26/2020,9:53,Visionary eco-centric Graphic Interface,13:28,8
89,11/12/2020,21:04,Ameliorated 24 hour standardization,19:29,10
90,2/11/2021,1:00,Re-engineered value-added alliance,1:56,9
91,2/13/2021,13:43,Distributed upward-trending flexibility,15:26,8
92,10/12/2020,23:31,Inverse foreground infrastructure,22:29,8
93,3/26/2021,11:37,Open-source optimal structure,9:45,7
94,8/11/2020,3:46,Profound interactive algorithm,9:42,8
95,4/20/2020,15:04,Organic multi-tasking frame,7:27,9
96,12/6/2020,6:32,Visionary directional benchmark,13:53,7
97,10/18/2020,3:16,Persevering clear-thinking budgetary management,6:59,6
98,2/12/2021,9:54,Proactive optimizing archive,9:01,8
99,8/5/2020,18:48,Team-oriented multi-tasking concept,16:25,6
100,7/5/2020,5:18,Assimilated optimal help-desk,23:26,7
101,9/3/2020,13:05,Operative human-resource solution,11:01,8
102,6/20/2020,23:13,Up-sized intangible middleware,2:50,10
103,10/20/2020,17:28,Focused non-volatile flexibility,22:18,10
104,1/11/2021,3:49,Business-focused systematic website,14:49,8
105,7/11/2020,7:45,Ergonomic maximized strategy,6:48,10
106,2/28/2021,15:21,Polarised system-worthy initiative,18:13,10
107,4/20/2020,2:43,Optional client-driven artificial intelligence,5:05,6
108,5/19/2020,3:26,Organic user-facing superstructure,6:43,10
109,3/10/2021,6:15,Inverse bifurcated workforce,22:12,7
110,3/18/2021,13:38,Open-architected full-range monitoring,2:37,6
111,3/30/2020,22:53,Team-oriented scalable internet solution,18:03,6
112,5/18/2020,12:49,Inverse solution-oriented internet solution,13:08,9
113,8/19/2020,20:02,Virtual neutral product,17:21,7
114,9/21/2020,23:10,Public-key exuding core,13:50,10
115,9/8/2020,2:10,Function-based maximized interface,3:29,10
116,10/15/2020,13:15,Innovative global knowledge user,6:44,6
117,5/28/2020,4:26,Business-focused discrete architecture,13:29,7
118,6/9/2020,23:52,Persevering heuristic protocol,5:27,10
119,12/9/2020,7:40,Secured bifurcated function,12:07,8
120,10/17/2020,14:35,Programmable non-volatile synergy,13:28,6
121,6/2/2020,15:59,Persistent human-resource customer loyalty,2:57,7
122,10/3/2020,9:02,Vision-oriented interactive knowledge base,21:03,9
123,10/12/2020,10:22,Multi-tiered upward-trending firmware,12:02,7
124,5/15/2020,2:57,Function-based object-oriented attitude,6:06,10
125,6/17/2020,8:57,Synergized empowering project,23:41,8
126,1/5/2021,13:04,Mandatory logistical architecture,18:53,9
127,1/14/2021,13:50,Inverse high-level open system,16:10,6
128,8/1/2020,3:42,Re-engineered bottom-line solution,4:44,9
129,10/16/2020,10:38,Centralized real-time framework,12:36,6
130,1/29/2021,22:43,Inverse object-oriented artificial intelligence,0:45,10
131,7/28/2020,0:51,Pre-emptive grid-enabled challenge,22:37,9
132,3/30/2020,16:20,Virtual maximized leverage,4:02,10
133,1/18/2021,15:04,Stand-alone global orchestration,4:01,8
134,5/13/2020,20:56,Cross-platform uniform moderator,18:57,9
135,12/28/2020,16:50,Extended intermediate paradigm,0:33,9
136,1/29/2021,0:14,Networked 24 hour architecture,12:56,8
137,1/31/2021,1:23,User-friendly motivating circuit,14:00,7
138,7/15/2020,0:52,Versatile 6th generation strategy,15:49,9
139,2/21/2021,12:13,Decentralized analyzing projection,3:46,6
140,3/29/2020,15:01,Centralized even-keeled task-force,2:45,6
141,8/18/2020,23:10,Configurable dedicated infrastructure,3:54,6
142,3/21/2021,19:34,Total human-resource contingency,1:02,9
143,7/5/2020,11:22,Persevering 6th generation policy,23:31,8
144,1/28/2021,21:53,Visionary eco-centric toolset,8:10,7
145,1/17/2021,20:07,Optional hybrid forecast,17:41,6
146,12/1/2020,7:52,Centralized discrete functionalities,19:44,9
147,5/27/2020,11:16,Profit-focused impactful success,4:06,8
148,11/3/2020,22:38,Persevering client-server portal,19:17,7
149,8/14/2020,4:59,Object-based dynamic emulation,18:46,8
150,10/29/2020,6:21,Balanced local help-desk,6:21,9
151,12/16/2020,19:23,Realigned 3rd generation standardization,17:18,6
152,5/4/2020,15:10,Upgradable zero defect collaboration,10:21,6
153,10/31/2020,17:28,Streamlined stable database,6:58,8
154,1/13/2021,17:00,Open-architected mobile paradigm,21:44,7
155,4/22/2020,10:10,Exclusive intangible customer loyalty,20:11,7
156,7/3/2020,12:47,Multi-channelled mobile time-frame,22:31,10
157,10/30/2020,23:39,Pre-emptive composite hub,21:42,9
158,12/29/2020,18:03,Persevering non-volatile success,7:10,10
159,5/2/2020,20:17,Optional mobile open system,13:16,8
160,9/29/2020,22:07,Persevering system-worthy extranet,7:18,10
161,11/28/2020,16:47,Devolved uniform function,6:28,10
162,9/3/2020,10:35,Multi-layered optimizing installation,19:54,7
163,11/21/2020,16:18,Reactive cohesive project,12:01,10
164,5/16/2020,22:42,Mandatory grid-enabled installation,19:07,8
165,10/28/2020,11:33,Mandatory interactive collaboration,13:38,10
166,8/30/2020,5:14,Horizontal methodical framework,21:56,6
167,7/3/2020,22:25,Networked maximized structure,5:46,7
168,12/27/2020,3:56,Multi-layered 4th generation support,1:27,10
169,7/19/2020,15:05,Focused demand-driven paradigm,6:35,10
170,4/4/2020,22:31,Triple-buffered encompassing forecast,19:08,9
171,3/1/2021,9:15,User-friendly empowering analyzer,15:48,7
172,12/27/2020,1:59,Compatible asynchronous support,4:13,7
173,3/30/2020,17:05,Re-contextualized background task-force,6:26,9
174,2/13/2021,0:01,Expanded bifurcated access,18:57,10
175,1/15/2021,2:54,Profit-focused non-volatile neural-net,4:49,10
176,2/12/2021,6:47,Re-contextualized holistic website,18:21,6
177,7/29/2020,16:18,Self-enabling bandwidth-monitored solution,5:38,10
178,10/23/2020,19:37,Reactive intermediate time-frame,15:56,10
179,3/28/2020,22:56,Digitized stable support,10:01,8
180,11/18/2020,12:56,Distributed 4th generation array,22:14,10
181,3/8/2021,13:47,Polarised encompassing algorithm,2:33,7
182,9/24/2020,9:07,Cloned full-range contingency,6:41,7
183,4/14/2020,12:19,Digitized 4th generation analyzer,0:54,10
184,2/2/2021,3:56,Progressive global leverage,4:58,8
185,4/11/2020,8:54,Total client-server product,2:59,6
186,8/21/2020,23:44,Profit-focused regional methodology,4:30,10
187,9/20/2020,2:23,Re-engineered motivating info-mediaries,8:25,9
188,4/12/2020,5:04,Front-line actuating website,17:44,8
189,9/16/2020,4:23,Proactive content-based encryption,18:50,6
190,7/5/2020,5:48,Innovative actuating productivity,11:42,7
191,7/3/2020,12:52,Synchronised well-modulated pricing structure,3:54,8
192,12/21/2020,20:25,Polarised hybrid archive,19:56,7
193,10/17/2020,8:37,Diverse next generation neural-net,22:30,10
194,2/18/2021,15:24,Proactive static definition,8:47,8
195,2/19/2021,23:51,Profound foreground secured line,9:14,6
196,1/18/2021,20:40,Multi-layered methodical emulation,16:17,6
197,3/14/2021,23:36,Compatible directional synergy,10:12,10
198,9/17/2020,23:45,Reactive didactic artificial intelligence,21:20,6
199,1/28/2021,1:06,Secured homogeneous artificial intelligence,10:52,7
200,3/8/2021,10:39,Re-engineered high-level structure,14:07,7
201,11/10/2020,23:49,Realigned hybrid middleware,21:51,9
202,11/11/2020,11:14,Self-enabling coherent Graphical User Interface,14:50,9
203,10/5/2020,14:09,Distributed web-enabled model,11:27,6
204,6/1/2020,10:55,Streamlined optimizing array,18:47,6
205,10/26/2020,18:56,Reduced coherent matrix,15:40,10
206,4/18/2020,14:46,Ergonomic exuding system engine,13:53,7
207,10/4/2020,12:41,Open-source analyzing time-frame,16:10,6
208,9/26/2020,23:23,Switchable cohesive focus group,9:09,9
209,4/5/2020,6:49,Synergized 4th generation success,10:46,10
210,9/4/2020,8:02,Configurable real-time complexity,0:29,10
211,3/3/2021,0:26,Fundamental optimal success,14:20,8
212,9/7/2020,1:30,Assimilated 3rd generation model,0:18,8
213,8/4/2020,15:39,Operative zero defect task-force,2:34,7
214,1/8/2021,2:50,Optional bifurcated task-force,1:52,6
215,7/15/2020,15:49,Centralized 3rd generation array,22:17,6
216,1/24/2021,11:35,Enhanced directional service-desk,1:08,6
217,5/20/2020,3:58,Exclusive scalable concept,9:58,7
218,7/17/2020,1:41,Total contextually-based info-mediaries,14:29,6
219,9/13/2020,1:34,Multi-lateral intermediate array,8:03,9
220,7/9/2020,22:00,Progressive actuating matrix,4:35,7
221,4/16/2020,6:43,Proactive actuating throughput,10:47,10
222,8/25/2020,4:45,Business-focused local hierarchy,18:30,9
223,6/23/2020,21:08,Robust zero defect portal,9:19,9
224,7/22/2020,12:53,Right-sized exuding paradigm,15:06,10
225,5/23/2020,2:06,Mandatory systematic capacity,8:30,7
226,5/19/2020,15:34,Front-line clear-thinking matrices,18:34,10
227,11/14/2020,11:15,Centralized upward-trending encryption,19:16,6
228,3/23/2021,11:48,User-centric contextually-based task-force,8:02,9
229,3/22/2021,11:51,Distributed high-level instruction set,18:22,8
230,11/25/2020,9:00,Synchronised secondary productivity,6:08,8
231,1/22/2021,16:56,Customer-focused tangible application,1:04,6
232,2/18/2021,16:58,Team-oriented context-sensitive conglomeration,20:16,7
233,2/23/2021,20:29,Phased dynamic moratorium,6:08,10
234,8/1/2020,1:59,Inverse non-volatile open system,21:08,7
235,5/14/2020,13:05,Robust 5th generation infrastructure,3:19,9
236,8/18/2020,1:24,Multi-layered clear-thinking open architecture,15:48,6
237,4/25/2020,14:55,Object-based bifurcated productivity,22:43,7
238,4/22/2020,21:08,Operative non-volatile utilisation,15:32,9
239,12/11/2020,7:44,Persistent background attitude,17:38,7
240,8/15/2020,18:43,Mandatory neutral support,7:35,7
241,2/11/2021,0:43,Programmable high-level info-mediaries,18:23,9
242,11/4/2020,13:40,Virtual discrete encoding,10:54,6
243,3/24/2021,14:13,Enhanced user-facing portal,9:36,7
244,4/25/2020,15:54,Decentralized bandwidth-monitored circuit,2:52,10
245,3/22/2021,23:00,Realigned solution-oriented instruction set,23:12,8
246,1/12/2021,7:19,Object-based optimal structure,12:47,8
247,2/1/2021,17:16,Cross-group clear-thinking hierarchy,19:01,10
248,1/19/2021,18:19,Cross-platform asymmetric core,10:22,10
249,8/22/2020,20:12,Phased tertiary Graphical User Interface,19:08,9
250,7/14/2020,5:49,Configurable maximized secured line,10:54,9
251,11/7/2020,4:17,Right-sized interactive open architecture,16:06,7
252,12/20/2020,8:05,Focused bottom-line groupware,10:53,6
253,10/23/2020,17:19,Ergonomic mobile orchestration,7:42,10
254,8/3/2020,18:35,Profound content-based project,14:24,9
255,4/8/2020,5:41,User-friendly optimal analyzer,13:22,9
256,7/12/2020,13:12,Down-sized dynamic function,6:25,8
257,5/24/2020,23:14,Optimized national initiative,9:12,10
258,2/28/2021,23:15,Adaptive directional structure,20:44,9
259,1/3/2021,7:36,Intuitive 3rd generation solution,15:25,8
260,2/11/2021,7:42,User-friendly interactive extranet,19:16,8
261,3/27/2021,2:52,Versatile bandwidth-monitored intranet,12:16,9
262,5/15/2020,15:49,Multi-layered value-added moderator,17:00,7
263,9/12/2020,17:03,Multi-lateral cohesive solution,4:06,6
264,10/2/2020,11:33,Compatible empowering hierarchy,16:18,8
265,1/8/2021,23:51,Open-source system-worthy approach,0:30,6
266,2/14/2021,5:49,Optional 24/7 success,7:09,7
267,5/21/2020,1:53,Versatile directional ability,3:18,8
268,2/26/2021,7:01,Expanded even-keeled database,6:21,8
269,8/11/2020,14:03,Cloned systematic internet solution,12:51,6
270,3/27/2021,13:09,Triple-buffered multimedia installation,22:27,6
271,4/29/2020,18:14,Focused intermediate concept,17:57,7
272,5/26/2020,9:42,Universal systemic moderator,22:42,10
273,8/18/2020,16:34,Integrated impactful toolset,23:01,8
274,4/2/2020,4:29,Persevering asymmetric database,7:14,6
275,9/16/2020,5:02,Robust analyzing workforce,23:54,6
276,6/4/2020,13:34,Business-focused global hardware,3:40,7
277,7/21/2020,4:49,Reduced empowering local area network,7:16,10
278,5/14/2020,3:12,Secured incremental benchmark,4:40,7
279,3/24/2021,22:39,Operative intangible process improvement,13:15,9
280,1/5/2021,19:11,Synchronised reciprocal capacity,16:24,9
281,3/15/2021,9:13,Sharable tertiary adapter,1:45,6
282,3/30/2020,9:52,Extended systemic archive,9:23,10
283,7/21/2020,19:15,Face to face 4th generation analyzer,8:47,6
284,3/1/2021,14:35,Balanced context-sensitive secured line,21:20,6
285,4/2/2020,7:33,Persevering directional data-warehouse,10:28,10
286,12/22/2020,12:48,Optional bottom-line monitoring,14:22,8
287,8/11/2020,4:10,Switchable empowering contingency,11:04,8
288,1/29/2021,3:37,Compatible national customer loyalty,13:43,8
289,5/3/2020,9:04,Virtual cohesive Graphic Interface,13:13,8
290,10/14/2020,8:50,Function-based bifurcated synergy,22:04,6
291,9/10/2020,6:15,Universal foreground utilisation,17:54,10
292,4/17/2020,1:30,Quality-focused heuristic array,20:40,10
293,7/15/2020,3:41,Assimilated multi-state policy,13:08,8
294,4/24/2020,14:33,Streamlined intermediate artificial intelligence,13:50,10
295,1/21/2021,9:27,Multi-channelled impactful matrices,9:16,9
296,10/30/2020,10:20,Assimilated didactic toolset,19:39,7
297,9/29/2020,23:06,Multi-layered bifurcated solution,3:19,9
298,3/30/2020,0:35,Pre-emptive systemic structure,10:42,8
299,11/1/2020,6:50,Organic mobile alliance,5:33,7
300,12/21/2020,4:04,Open-architected bifurcated groupware,18:43,8
301,9/10/2020,3:14,Distributed regional application,12:03,8
302,8/21/2020,8:18,Monitored national groupware,16:05,10
303,2/1/2021,5:06,Business-focused explicit portal,10:02,9
304,8/31/2020,22:32,Team-oriented dynamic intranet,23:45,8
305,10/11/2020,0:57,Robust solution-oriented array,23:18,10
306,3/10/2021,18:10,Inverse background portal,9:38,8
307,2/23/2021,10:47,Decentralized composite neural-net,7:56,9
308,6/5/2020,2:15,Right-sized systemic throughput,5:23,10
309,1/13/2021,18:58,Cross-group cohesive focus group,17:15,10
310,3/6/2021,2:19,Multi-tiered mission-critical interface,11:04,6
311,3/15/2021,18:15,Decentralized reciprocal website,17:29,10
312,8/16/2020,23:46,Ergonomic stable encryption,18:58,10
313,1/23/2021,8:31,Right-sized responsive functionalities,11:06,7
314,3/18/2021,11:24,Realigned foreground structure,21:24,10
315,1/2/2021,18:22,Triple-buffered heuristic function,0:41,9
316,4/28/2020,13:46,Programmable system-worthy toolset,11:26,7
317,1/30/2021,17:48,Focused global standardization,10:22,10
318,12/6/2020,20:56,Cross-platform secondary throughput,5:21,8
319,1/9/2021,11:43,Balanced coherent customer loyalty,21:33,10
320,11/4/2020,22:26,Front-line zero defect implementation,6:43,8
321,2/5/2021,5:41,Cross-platform real-time task-force,21:53,6
322,6/13/2020,17:37,Integrated heuristic hierarchy,13:31,7
323,10/19/2020,12:44,Open-architected radical architecture,8:42,10
324,11/4/2020,15:18,Up-sized 4th generation help-desk,17:31,8
325,8/4/2020,13:04,Up-sized client-driven projection,15:50,9
326,12/13/2020,12:41,Reverse-engineered leading edge hub,2:44,8
327,11/19/2020,20:42,Adaptive system-worthy budgetary management,18:25,6
328,8/28/2020,6:54,Right-sized fault-tolerant archive,6:19,8
329,1/7/2021,0:26,Synchronised asymmetric monitoring,15:47,6
330,8/5/2020,6:06,Versatile high-level pricing structure,4:57,10
331,8/22/2020,1:15,Cross-platform background website,22:40,6
332,12/19/2020,13:39,Sharable logistical portal,13:18,6
333,11/5/2020,13:59,Function-based asynchronous installation,19:46,6
334,11/8/2020,13:11,Distributed executive emulation,8:36,10
335,12/20/2020,18:13,Reduced executive methodology,5:20,10
336,11/27/2020,9:22,Persevering 6th generation forecast,12:57,10
337,10/5/2020,10:40,Visionary heuristic open system,14:43,10
338,7/24/2020,22:23,Open-architected value-added protocol,19:48,10
339,10/12/2020,5:10,Networked client-driven functionalities,13:15,6
340,3/4/2021,22:10,Grass-roots heuristic emulation,12:59,9
341,3/15/2021,13:01,Fully-configurable optimizing solution,14:34,7
342,2/1/2021,19:47,Secured scalable archive,12:03,6
343,4/20/2020,23:55,Fully-configurable real-time internet solution,16:44,8
344,6/17/2020,21:47,Realigned even-keeled throughput,21:37,6
345,6/3/2020,15:07,Organized eco-centric focus group,15:38,7
346,3/9/2021,4:29,Innovative directional analyzer,17:15,10
347,12/11/2020,18:49,Managed client-server instruction set,0:41,6
348,7/8/2020,19:55,Horizontal mobile encryption,17:55,6
349,3/31/2020,15:40,Customizable bottom-line budgetary management,16:49,7
350,6/10/2020,21:04,Switchable systematic success,7:43,8
351,8/12/2020,2:23,Fully-configurable didactic adapter,23:53,10
352,6/10/2020,2:06,Team-oriented grid-enabled attitude,21:49,9
353,8/1/2020,9:13,Focused zero tolerance pricing structure,18:13,10
354,4/20/2020,16:58,Innovative interactive knowledge base,5:59,10
355,11/3/2020,21:40,Face to face global portal,23:36,9
356,12/19/2020,17:27,Virtual zero tolerance installation,7:38,8
357,7/25/2020,3:15,Automated context-sensitive neural-net,10:02,8
358,8/8/2020,17:58,Object-based holistic capacity,15:51,10
359,11/6/2020,4:00,Phased upward-trending extranet,4:18,6
360,5/30/2020,6:40,Managed stable leverage,12:58,6
361,11/20/2020,15:11,Re-engineered exuding capability,20:14,8
362,3/8/2021,13:09,Fundamental mobile data-warehouse,11:57,8
363,12/5/2020,21:51,Monitored 4th generation initiative,21:37,9
364,12/19/2020,16:15,Ergonomic object-oriented help-desk,5:32,6
365,10/24/2020,1:19,Up-sized asynchronous circuit,20:40,6
366,3/28/2020,11:47,Secured interactive instruction set,22:42,10
367,11/29/2020,20:47,Centralized optimizing ability,12:23,7
368,4/29/2020,0:34,Enhanced 4th generation collaboration,10:45,9
369,9/3/2020,19:19,Pre-emptive 4th generation structure,17:46,8
370,1/20/2021,13:27,Universal content-based neural-net,10:24,7
371,5/10/2020,13:07,Balanced fresh-thinking policy,10:17,7
372,10/6/2020,3:47,Intuitive responsive interface,18:08,10
373,6/9/2020,22:56,Reactive systematic functionalities,9:42,7
374,1/13/2021,13:52,User-centric tertiary pricing structure,9:49,8
375,3/29/2020,7:37,Customer-focused transitional secured line,22:18,7
376,7/21/2020,10:35,Right-sized grid-enabled capacity,15:50,10
377,2/19/2021,20:42,Right-sized 3rd generation implementation,2:01,8
378,10/9/2020,9:26,Realigned bifurcated emulation,12:15,6
379,12/31/2020,6:59,Adaptive impactful hardware,14:57,10
380,10/27/2020,9:02,Object-based modular encryption,19:56,10
381,6/13/2020,22:09,Centralized explicit portal,16:17,8
382,8/11/2020,10:18,Optional upward-trending capability,14:26,7
383,12/19/2020,22:33,Integrated coherent implementation,7:13,9
384,1/23/2021,16:08,Upgradable holistic alliance,21:51,6
385,7/29/2020,7:51,Reverse-engineered intermediate task-force,4:55,9
386,10/30/2020,5:48,Pre-emptive context-sensitive synergy,13:23,9
387,1/26/2021,13:29,Phased system-worthy productivity,7:27,6
388,1/31/2021,13:55,Profit-focused cohesive support,10:05,8
389,3/27/2021,17:28,Reduced mobile architecture,8:03,10
390,6/28/2020,0:57,Inverse hybrid definition,10:19,9
391,3/9/2021,5:26,Stand-alone mobile ability,9:27,7
392,3/4/2021,5:02,Reactive didactic complexity,4:21,6
393,6/5/2020,13:50,Networked bandwidth-monitored middleware,1:59,9
394,10/12/2020,2:36,Customer-focused human-resource secured line,16:49,7
395,1/23/2021,15:55,Universal executive customer loyalty,9:20,7
396,7/2/2020,23:08,User-friendly local productivity,20:18,6
397,8/10/2020,15:30,Up-sized holistic protocol,16:00,9
398,5/20/2020,1:46,Focused transitional knowledge user,23:06,10
399,7/5/2020,3:29,Total encompassing installation,0:33,8
400,8/2/2020,12:48,Horizontal intermediate hardware,17:32,10
401,11/2/2020,6:19,Devolved bottom-line solution,23:44,6
402,2/12/2021,7:20,Cross-platform coherent software,3:17,8
403,7/22/2020,23:55,Front-line bifurcated projection,7:24,6
404,6/3/2020,3:58,Seamless demand-driven solution,5:37,6
405,2/24/2021,1:00,Fully-configurable bottom-line circuit,8:44,7
406,7/22/2020,22:49,Future-proofed 5th generation conglomeration,5:32,7
407,11/16/2020,20:23,Reactive optimizing methodology,6:30,10
408,11/13/2020,10:50,Decentralized well-modulated orchestration,0:21,10
409,4/4/2020,4:23,Persistent zero administration methodology,11:07,8
410,2/9/2021,19:54,Synergistic real-time benchmark,8:48,10
411,2/22/2021,7:49,Monitored multi-state monitoring,19:48,8
412,3/13/2021,14:06,Customer-focused bifurcated model,11:24,10
413,3/28/2020,13:59,Seamless intangible knowledge user,16:20,7
414,3/24/2021,11:01,Implemented web-enabled groupware,1:39,9
415,1/10/2021,8:33,Triple-buffered optimal flexibility,7:17,6
416,3/27/2021,4:35,Expanded uniform paradigm,20:54,10
417,7/18/2020,3:40,Switchable interactive collaboration,13:10,6
418,7/4/2020,15:28,Synchronised asymmetric framework,2:31,8
419,2/17/2021,22:13,Ameliorated homogeneous success,3:39,6
420,4/30/2020,3:44,Expanded national model,20:20,7
421,10/22/2020,11:56,Advanced user-facing capacity,3:03,6
422,1/18/2021,8:27,Cross-group regional migration,18:42,10
423,6/1/2020,0:23,Open-source human-resource contingency,6:00,10
424,8/18/2020,20:45,Business-focused even-keeled database,14:03,7
425,4/12/2020,4:32,Digitized regional pricing structure,6:59,9
426,5/27/2020,16:23,Configurable next generation synergy,14:14,7
427,6/22/2020,20:20,Enterprise-wide foreground encryption,10:47,8
428,11/3/2020,12:06,Optimized executive installation,6:20,7
429,6/15/2020,7:21,Operative non-volatile model,10:45,6
430,9/7/2020,5:07,Exclusive neutral orchestration,8:58,10
431,8/26/2020,0:29,Devolved high-level flexibility,21:13,6
432,10/6/2020,18:48,Cross-group heuristic local area network,5:05,7
433,9/4/2020,15:10,Configurable client-server hardware,4:35,7
434,8/3/2020,6:27,Networked reciprocal attitude,11:21,10
435,7/7/2020,0:35,Fully-configurable local utilisation,6:50,9
436,9/6/2020,22:40,Operative content-based access,5:55,8
437,7/13/2020,22:23,Programmable actuating synergy,21:13,7
438,3/30/2020,1:37,Business-focused user-facing protocol,18:17,9
439,12/31/2020,15:41,Ameliorated multimedia contingency,9:27,10
440,1/17/2021,21:59,Front-line hybrid encryption,22:43,7
441,2/13/2021,1:57,Reverse-engineered directional architecture,20:36,8
442,10/20/2020,20:59,Virtual impactful conglomeration,4:15,8
443,7/5/2020,16:20,Multi-tiered content-based pricing structure,2:43,8
444,10/10/2020,7:43,Re-contextualized didactic throughput,8:53,8
445,10/17/2020,11:00,Face to face radical adapter,7:02,8
446,5/6/2020,16:22,Profound web-enabled matrices,20:08,7
447,9/27/2020,1:29,Programmable coherent moratorium,13:47,9
448,11/29/2020,22:55,Team-oriented fault-tolerant hardware,14:58,9
449,3/31/2020,4:54,Triple-buffered tertiary matrix,8:11,9
450,8/20/2020,14:53,Universal global customer loyalty,15:19,6
451,10/12/2020,11:48,Networked disintermediate adapter,2:49,6
452,1/31/2021,4:18,User-centric 6th generation hardware,11:27,6
453,6/5/2020,10:17,Stand-alone high-level superstructure,23:25,7
454,5/28/2020,9:28,Universal static knowledge user,0:54,10
455,10/23/2020,23:49,Automated 6th generation local area network,10:23,7
456,12/22/2020,21:33,Diverse stable moratorium,10:58,9
457,9/14/2020,13:21,Exclusive logistical challenge,18:10,7
458,8/31/2020,17:37,Profit-focused mobile focus group,13:04,9
459,9/7/2020,2:43,Assimilated user-facing matrix,16:05,10
460,4/3/2020,7:37,Fully-configurable stable flexibility,14:26,8
461,3/19/2021,19:22,Phased web-enabled orchestration,8:08,9
462,12/28/2020,16:21,Streamlined local conglomeration,15:59,6
463,11/24/2020,13:43,Automated real-time core,10:21,7
464,8/4/2020,1:54,Optimized non-volatile system engine,3:27,9
465,3/14/2021,4:46,Future-proofed attitude-oriented moderator,13:51,10
466,5/1/2020,1:58,Re-engineered executive focus group,3:25,10
467,8/16/2020,3:45,Digitized multi-state pricing structure,3:58,10
468,6/16/2020,17:39,Ergonomic cohesive workforce,2:03,9
469,2/12/2021,9:24,Ergonomic responsive extranet,11:46,8
470,7/6/2020,16:04,Down-sized transitional migration,5:15,8
471,4/5/2020,7:09,Business-focused interactive circuit,17:33,8
472,1/4/2021,7:45,Enterprise-wide 24 hour open architecture,2:04,10
473,8/2/2020,18:12,Reactive zero administration monitoring,18:02,8
474,6/17/2020,6:04,User-friendly zero defect installation,13:39,9
475,11/2/2020,7:56,Fundamental solution-oriented local area network,10:40,10
476,6/11/2020,17:10,Total discrete approach,20:59,8
477,11/21/2020,9:38,Innovative bandwidth-monitored monitoring,11:50,7
478,3/14/2021,16:28,Advanced system-worthy framework,17:57,6
479,6/10/2020,11:30,Compatible heuristic initiative,15:16,8
480,9/23/2020,10:12,Synergistic maximized moratorium,15:42,6
481,8/14/2020,16:04,Polarised object-oriented synergy,10:38,7
482,5/23/2020,18:21,Centralized reciprocal orchestration,22:37,6
483,6/29/2020,12:21,Triple-buffered full-range monitoring,18:31,10
484,4/22/2020,8:06,Adaptive multi-tasking initiative,19:40,10
485,10/20/2020,2:45,Team-oriented next generation internet solution,10:58,8
486,7/30/2020,12:29,Versatile even-keeled open system,20:40,8
487,6/26/2020,0:33,Multi-channelled tangible infrastructure,21:57,9
488,12/5/2020,16:55,Vision-oriented 3rd generation structure,18:24,10
489,1/16/2021,4:03,Reverse-engineered zero tolerance product,21:56,6
490,2/17/2021,17:07,Multi-lateral encompassing data-warehouse,12:04,9
491,6/28/2020,12:29,Optimized solution-oriented process improvement,5:31,7
492,11/15/2020,13:49,Configurable eco-centric concept,9:58,7
493,1/2/2021,21:53,Function-based value-added system engine,10:43,7
494,12/28/2020,4:18,Networked zero tolerance collaboration,14:25,8
495,7/7/2020,16:36,Cloned hybrid initiative,6:50,10
496,10/15/2020,7:56,Team-oriented zero administration archive,9:55,8
497,12/11/2020,14:29,Assimilated local artificial intelligence,8:10,8
498,10/31/2020,21:20,Face to face 3rd generation emulation,9:12,8
499,11/23/2020,22:14,Cloned zero defect info-mediaries,7:30,7
500,11/5/2020,13:29,Vision-oriented zero administration ability,17:16,6
501,11/23/2020,8:45,Self-enabling radical encryption,6:51,6
502,7/16/2020,20:05,Quality-focused human-resource standardization,5:04,10
503,12/5/2020,17:32,Up-sized intermediate orchestration,11:15,8
504,6/7/2020,3:01,Face to face bottom-line infrastructure,7:57,6
505,5/1/2020,15:45,Proactive homogeneous local area network,8:22,9
506,12/23/2020,22:05,Progressive actuating intranet,14:38,10
507,1/15/2021,10:29,Enterprise-wide bifurcated flexibility,7:18,9
508,6/17/2020,14:41,Seamless systematic secured line,13:19,8
509,11/4/2020,16:07,Face to face bottom-line collaboration,17:52,8
510,12/28/2020,3:41,User-centric intermediate policy,8:36,7
511,8/27/2020,20:04,Switchable secondary process improvement,20:55,8
512,7/27/2020,9:57,Versatile non-volatile moderator,13:17,7
513,4/28/2020,20:04,Profit-focused cohesive workforce,4:56,8
514,2/6/2021,5:22,Devolved responsive product,23:09,9
515,5/20/2020,12:27,Right-sized logistical database,15:15,6
516,6/10/2020,11:31,Adaptive even-keeled instruction set,8:51,10
517,7/18/2020,20:43,Front-line tertiary analyzer,3:43,8
518,6/18/2020,14:51,Automated regional archive,11:06,7
519,3/14/2021,18:05,Organized well-modulated moderator,7:19,6
520,12/13/2020,16:05,Virtual value-added monitoring,15:28,6
521,1/9/2021,15:50,Integrated content-based Graphic Interface,16:05,9
522,2/2/2021,22:16,Balanced multi-tasking time-frame,0:45,10
523,7/27/2020,18:42,Networked fault-tolerant secured line,0:15,7
524,6/24/2020,22:21,Pre-emptive homogeneous info-mediaries,22:48,10
525,2/6/2021,1:41,Centralized fault-tolerant open architecture,7:37,8
526,7/25/2020,16:40,Synergistic dynamic hardware,13:39,6
527,12/25/2020,16:35,Universal logistical access,20:38,9
528,9/9/2020,0:26,Configurable tertiary middleware,23:44,7
529,5/19/2020,18:46,Cross-platform full-range pricing structure,18:41,8
530,10/26/2020,0:27,Triple-buffered mobile function,0:45,10
531,12/19/2020,16:48,Integrated directional process improvement,7:43,6
532,11/27/2020,16:21,Visionary bandwidth-monitored extranet,22:33,8
533,12/10/2020,13:32,Down-sized exuding alliance,10:03,6
534,2/28/2021,21:45,Secured static product,3:46,8
535,1/25/2021,5:37,Pre-emptive analyzing capability,4:53,9
536,1/6/2021,0:53,Progressive stable pricing structure,5:56,7
537,11/9/2020,5:28,Customer-focused intangible open system,20:51,6
538,3/5/2021,12:24,Realigned bandwidth-monitored alliance,7:23,8
539,1/31/2021,2:55,Compatible bandwidth-monitored leverage,17:02,8
540,10/20/2020,11:29,Multi-channelled 6th generation approach,14:16,10
541,3/27/2021,21:10,Fully-configurable even-keeled open system,18:18,7
542,11/10/2020,8:06,Monitored web-enabled superstructure,2:41,8
543,5/4/2020,17:40,Multi-layered global access,6:11,6
544,11/12/2020,13:37,Focused bifurcated intranet,22:52,6
545,12/20/2020,20:42,Front-line solution-oriented focus group,9:16,7
546,2/26/2021,22:49,Horizontal global interface,5:51,7
547,2/21/2021,19:25,Advanced user-facing definition,14:54,10
548,9/17/2020,7:50,Vision-oriented reciprocal budgetary management,17:15,7
549,10/17/2020,9:29,Virtual fresh-thinking hierarchy,16:28,6
550,8/4/2020,10:41,Public-key background encryption,19:34,6
551,10/20/2020,15:42,Synergized user-facing infrastructure,16:26,8
552,12/2/2020,16:57,Profound zero tolerance customer loyalty,20:59,9
553,11/20/2020,6:09,Synergistic local model,2:45,6
554,6/6/2020,20:15,Enterprise-wide multi-tasking help-desk,9:29,8
555,4/7/2020,10:24,Integrated uniform frame,17:32,6
556,12/9/2020,10:08,Face to face zero defect framework,3:00,7
557,9/10/2020,15:31,Reactive discrete matrix,0:45,9
558,8/26/2020,17:54,Seamless object-oriented Graphic Interface,8:37,9
559,3/22/2021,10:25,Secured modular algorithm,2:05,8
560,10/31/2020,7:15,Multi-tiered 6th generation core,5:20,6
561,11/24/2020,18:45,Optimized bifurcated secured line,8:38,9
562,11/21/2020,13:45,Enhanced responsive hub,9:14,9
563,2/8/2021,13:42,Cloned local moratorium,3:11,10
564,2/28/2021,18:14,Seamless upward-trending methodology,0:04,8
565,8/25/2020,9:33,Integrated local utilisation,13:20,9
566,11/24/2020,22:36,Cross-group systematic complexity,22:57,8
567,5/24/2020,12:44,Total homogeneous help-desk,23:44,8
568,8/30/2020,8:38,Optional asymmetric alliance,6:29,9
569,3/25/2021,8:15,Stand-alone client-driven Graphic Interface,13:43,6
570,4/21/2020,4:55,Devolved 5th generation open system,14:40,6
571,5/5/2020,5:49,Compatible intangible data-warehouse,19:16,6
572,7/18/2020,7:28,Innovative 4th generation infrastructure,5:50,8
573,12/14/2020,11:46,Devolved next generation middleware,16:48,7
574,2/14/2021,10:51,Distributed client-server application,15:28,7
575,4/13/2020,6:05,Cross-group incremental implementation,2:07,7
576,2/9/2021,5:54,Phased incremental info-mediaries,22:49,9
577,10/4/2020,15:20,Secured content-based migration,8:17,9
578,6/12/2020,13:12,Reverse-engineered intermediate instruction set,12:10,8
579,2/3/2021,10:25,Visionary optimal Graphic Interface,10:56,10
580,5/24/2020,4:45,Virtual heuristic alliance,16:13,6
581,10/10/2020,10:31,Expanded discrete attitude,4:34,6
582,5/5/2020,20:26,Advanced clear-thinking orchestration,6:00,8
583,4/16/2020,9:20,Fundamental hybrid capability,19:43,10
584,5/9/2020,11:50,Pre-emptive coherent artificial intelligence,0:50,7
585,2/23/2021,10:37,Universal bifurcated knowledge user,14:33,10
586,7/8/2020,8:14,Quality-focused heuristic collaboration,1:00,7
587,5/17/2020,13:28,Integrated contextually-based software,3:26,10
588,1/15/2021,1:47,Re-contextualized object-oriented standardization,16:16,7
589,4/7/2020,16:05,Adaptive optimal concept,22:57,7
590,1/2/2021,6:15,Upgradable cohesive encoding,11:29,9
591,12/28/2020,0:28,Intuitive needs-based challenge,2:53,6
592,8/17/2020,15:33,Monitored systemic challenge,0:29,9
593,5/21/2020,11:13,Exclusive foreground project,20:13,10
594,6/21/2020,21:05,Synchronised fresh-thinking time-frame,16:43,9
595,11/18/2020,1:40,De-engineered systematic definition,18:57,10
596,1/28/2021,14:58,Multi-lateral empowering implementation,16:46,6
597,5/31/2020,11:25,Quality-focused 24 hour projection,19:08,10
598,11/4/2020,20:16,Multi-lateral client-server moratorium,5:28,8
599,2/28/2021,16:43,Grass-roots multi-tasking analyzer,7:01,7
600,6/4/2020,1:26,Profound upward-trending help-desk,10:22,9
601,4/12/2020,22:17,Centralized directional circuit,23:00,10
602,9/8/2020,7:04,Inverse empowering intranet,8:44,8
603,9/19/2020,9:20,User-centric demand-driven matrices,7:03,8
604,10/4/2020,5:26,Synergistic 24/7 project,11:32,9
605,3/6/2021,12:32,Up-sized maximized benchmark,15:39,6
606,6/26/2020,17:50,Stand-alone multimedia artificial intelligence,0:42,7
607,12/7/2020,3:34,Self-enabling bottom-line standardization,11:34,8
608,10/17/2020,15:10,Ameliorated web-enabled capacity,16:35,10
609,3/26/2021,2:50,Implemented mission-critical core,9:13,9
610,1/11/2021,21:33,Persevering 6th generation help-desk,9:28,7
611,4/29/2020,18:04,Operative demand-driven forecast,3:14,10
612,4/3/2020,9:15,Universal 4th generation product,4:22,6
613,3/30/2020,4:17,Up-sized homogeneous moderator,20:17,6
614,8/15/2020,2:43,Stand-alone client-server local area network,1:31,8
615,5/6/2020,7:07,Ameliorated explicit budgetary management,3:45,7
616,12/18/2020,9:23,Synergized dedicated flexibility,15:08,6
617,12/11/2020,0:30,Open-source clear-thinking attitude,5:29,6
618,5/19/2020,14:58,Switchable static workforce,18:39,7
619,11/22/2020,5:55,Visionary zero defect complexity,10:23,10
620,7/31/2020,7:28,Robust attitude-oriented info-mediaries,2:08,6
621,6/19/2020,11:26,Reduced demand-driven conglomeration,6:09,10
622,9/15/2020,3:10,Decentralized methodical product,20:05,7
623,12/10/2020,1:20,Advanced optimizing methodology,17:47,10
624,5/29/2020,2:50,Pre-emptive neutral pricing structure,20:09,10
625,5/1/2020,10:04,Cloned web-enabled protocol,5:06,9
626,4/30/2020,10:17,Profound client-server paradigm,10:40,10
627,11/5/2020,5:35,Open-architected content-based model,18:36,9
628,8/1/2020,4:04,Integrated zero administration artificial intelligence,8:35,8
629,11/12/2020,18:19,Polarised global knowledge base,8:20,6
630,7/22/2020,12:34,Object-based eco-centric artificial intelligence,9:18,9
631,5/3/2020,22:34,Persistent coherent pricing structure,8:04,10
632,12/7/2020,20:09,Versatile heuristic middleware,23:17,10
633,3/22/2021,18:12,Diverse contextually-based parallelism,21:47,9
634,8/18/2020,22:07,Face to face homogeneous policy,12:27,8
635,2/25/2021,5:02,Front-line full-range website,18:43,7
636,12/12/2020,23:26,Polarised value-added implementation,16:59,10
637,2/10/2021,22:13,Diverse local database,4:51,9
638,6/23/2020,8:33,Expanded mobile artificial intelligence,8:42,7
639,8/16/2020,6:46,Focused modular synergy,1:21,10
640,5/23/2020,23:47,Horizontal tangible secured line,1:09,7
641,2/11/2021,17:55,Optimized explicit challenge,7:33,7
642,8/20/2020,4:08,Diverse solution-oriented hierarchy,9:24,9
643,7/25/2020,20:17,Down-sized contextually-based protocol,18:00,6
644,11/26/2020,10:42,Profound 24 hour implementation,14:00,10
645,3/21/2021,20:25,Triple-buffered full-range migration,13:36,6
646,11/21/2020,10:53,Horizontal zero tolerance toolset,10:27,8
647,6/11/2020,20:46,Multi-tiered intangible strategy,14:00,7
648,5/23/2020,20:59,Optimized attitude-oriented protocol,15:15,8
649,3/13/2021,19:31,Customizable secondary success,2:30,7
650,8/17/2020,8:46,Ergonomic contextually-based synergy,21:49,7
651,4/20/2020,18:25,Grass-roots dynamic installation,12:37,8
652,11/2/2020,19:07,Multi-channelled explicit functionalities,2:28,9
653,5/13/2020,22:23,Customer-focused modular matrix,20:27,10
654,5/18/2020,8:16,Devolved tangible benchmark,3:18,10
655,12/23/2020,2:11,Streamlined object-oriented support,18:16,9
656,7/21/2020,11:18,Organic non-volatile pricing structure,14:03,6
657,4/12/2020,2:23,Object-based dynamic portal,3:07,6
658,5/17/2020,16:17,Mandatory systematic budgetary management,20:56,9
659,1/16/2021,20:02,Reduced high-level solution,23:18,7
660,7/19/2020,7:13,Virtual systematic infrastructure,0:23,7
661,9/3/2020,10:40,Universal asynchronous adapter,19:00,6
662,12/31/2020,12:46,Team-oriented dynamic hub,16:19,7
663,2/24/2021,15:12,Right-sized multi-state encoding,22:06,10
664,9/14/2020,12:44,Re-engineered explicit flexibility,1:23,9
665,3/28/2020,2:15,Multi-layered discrete migration,12:06,8
666,9/18/2020,23:22,Networked homogeneous neural-net,5:04,7
667,1/17/2021,14:00,Team-oriented logistical definition,0:48,9
668,1/12/2021,21:27,Object-based reciprocal hub,2:44,6
669,9/24/2020,23:16,Realigned radical database,19:52,10
670,4/8/2020,16:07,Devolved attitude-oriented frame,14:08,6
671,12/24/2020,14:53,Up-sized cohesive hierarchy,7:14,10
672,8/7/2020,4:04,Progressive national data-warehouse,15:25,9
673,8/16/2020,8:38,Expanded didactic synergy,0:55,9
674,1/6/2021,18:01,Versatile motivating secured line,2:36,8
675,9/10/2020,8:14,Seamless optimal utilisation,19:18,7
676,10/31/2020,20:46,Organized bifurcated info-mediaries,3:09,8
677,9/7/2020,12:58,Innovative 5th generation paradigm,10:52,8
678,8/24/2020,12:17,Reverse-engineered next generation customer loyalty,12:02,9
679,2/3/2021,14:48,Exclusive global interface,5:03,10
680,3/7/2021,4:20,Organized real-time circuit,20:40,10
681,11/8/2020,21:23,Exclusive radical conglomeration,4:58,8
682,9/28/2020,5:24,Exclusive client-driven function,12:53,9
683,3/4/2021,8:22,Quality-focused 6th generation encryption,19:25,6
684,11/20/2020,0:57,Profound composite local area network,23:43,7
685,8/14/2020,6:24,Triple-buffered tangible process improvement,5:20,6
686,12/14/2020,21:31,Robust upward-trending array,11:08,6
687,6/11/2020,3:33,Focused user-facing alliance,1:51,9
688,7/4/2020,15:24,Advanced system-worthy open architecture,3:47,10
689,10/25/2020,7:41,Digitized fault-tolerant implementation,8:16,6
690,10/15/2020,11:19,Horizontal clear-thinking forecast,13:42,8
691,3/21/2021,12:47,Devolved composite knowledge user,14:57,8
692,6/27/2020,6:34,Innovative bottom-line task-force,20:32,6
693,3/28/2020,14:44,Managed actuating throughput,15:37,6
694,1/8/2021,2:49,Virtual methodical productivity,4:11,7
695,6/8/2020,2:53,Stand-alone composite architecture,0:28,9
696,9/8/2020,1:01,Object-based radical approach,16:52,9
697,8/7/2020,7:26,Multi-tiered context-sensitive success,6:06,9
698,5/4/2020,21:07,Distributed grid-enabled task-force,1:44,9
699,3/11/2021,10:26,Re-engineered full-range knowledge base,13:53,10
700,8/31/2020,6:26,Right-sized actuating solution,2:47,7
701,1/19/2021,21:18,User-centric coherent Graphic Interface,22:46,7
702,5/7/2020,19:38,Synchronised holistic moderator,22:46,10
703,3/26/2021,7:32,Versatile empowering core,16:34,10
704,10/1/2020,10:08,Intuitive motivating local area network,9:57,8
705,5/21/2020,6:59,Expanded clear-thinking secured line,16:41,10
706,4/20/2020,3:31,Expanded cohesive interface,19:38,10
707,1/7/2021,9:11,Persevering client-server structure,15:39,10
708,12/9/2020,8:56,Re-contextualized encompassing matrices,15:36,7
709,3/28/2020,4:35,Assimilated 3rd generation implementation,5:19,6
710,6/29/2020,12:06,Grass-roots homogeneous moratorium,21:20,7
711,2/28/2021,16:36,Seamless optimizing forecast,23:53,6
712,8/14/2020,13:27,Optional value-added local area network,18:56,7
713,9/17/2020,12:52,Horizontal tangible Graphical User Interface,7:30,9
714,12/2/2020,10:32,Pre-emptive client-driven framework,23:08,6
715,7/23/2020,5:07,Diverse multi-state superstructure,9:51,7
716,9/18/2020,22:05,Extended 24/7 time-frame,18:42,7
717,5/4/2020,0:59,Programmable didactic system engine,22:06,7
718,5/31/2020,11:05,Organized maximized algorithm,0:19,10
719,5/3/2020,15:03,De-engineered radical encoding,17:29,6
720,6/23/2020,12:56,Up-sized homogeneous paradigm,15:09,7
721,7/2/2020,22:42,Distributed real-time product,14:41,7
722,1/29/2021,21:13,Fully-configurable foreground core,3:57,6
723,1/25/2021,13:57,Synchronised responsive hardware,14:50,6
724,11/11/2020,5:40,Fundamental bottom-line project,0:46,7
725,6/22/2020,20:52,Decentralized 3rd generation architecture,11:34,10
726,3/29/2020,4:53,Multi-tiered solution-oriented software,5:35,8
727,4/15/2020,1:32,Synchronised high-level protocol,11:28,7
728,6/12/2020,7:45,Devolved zero administration productivity,20:34,10
729,4/17/2020,19:41,Reduced bifurcated array,2:11,7
730,9/26/2020,1:53,Virtual demand-driven workforce,2:22,10
731,12/12/2020,3:40,Persistent upward-trending database,6:21,6
732,2/5/2021,20:51,Inverse leading edge hardware,19:17,8
733,12/3/2020,16:05,Cloned multimedia framework,4:50,8
734,11/19/2020,16:16,Synergistic coherent approach,21:18,9
735,1/29/2021,7:25,Visionary upward-trending encoding,18:46,6
736,6/4/2020,0:19,Intuitive uniform product,6:00,10
737,6/15/2020,18:20,Digitized incremental success,3:49,6
738,4/6/2020,6:31,Customizable 4th generation benchmark,23:02,7
739,8/15/2020,9:01,Persevering well-modulated open system,0:05,10
740,3/5/2021,23:04,Synergistic bottom-line protocol,7:08,8
741,2/1/2021,2:01,Function-based 5th generation database,10:52,10
742,4/20/2020,9:07,Inverse modular instruction set,6:07,8
743,10/12/2020,3:02,Programmable stable protocol,3:07,6
744,5/16/2020,1:00,Mandatory fault-tolerant benchmark,16:34,6
745,2/2/2021,16:41,Organized multi-tasking function,3:34,10
746,1/15/2021,22:53,Front-line directional migration,22:14,6
747,3/15/2021,18:55,Networked asynchronous protocol,11:52,7
748,6/10/2020,0:00,Realigned transitional Graphic Interface,18:36,8
749,2/16/2021,5:00,Open-source fault-tolerant migration,21:46,6
750,1/9/2021,0:00,Organized needs-based model,21:35,7
751,4/19/2020,6:43,Cloned upward-trending pricing structure,7:35,7
752,7/25/2020,6:54,Inverse system-worthy utilisation,14:51,10
753,10/16/2020,19:43,Streamlined maximized migration,7:47,9
754,8/10/2020,0:33,Upgradable asynchronous model,22:15,8
755,6/10/2020,15:04,Implemented regional focus group,15:54,10
756,10/20/2020,1:38,Digitized value-added encoding,14:41,6
757,6/8/2020,5:58,Visionary cohesive interface,13:36,7
758,9/5/2020,8:03,Universal mission-critical Graphical User Interface,9:48,6
759,3/29/2020,21:41,Business-focused client-server ability,1:12,7
760,8/26/2020,9:34,User-friendly actuating functionalities,6:42,10
761,5/4/2020,10:37,Triple-buffered optimal info-mediaries,0:16,10
762,9/12/2020,18:20,Reactive optimal framework,2:23,7
763,10/2/2020,13:30,Grass-roots national forecast,12:27,6
764,7/14/2020,6:08,Ergonomic holistic project,2:50,8
765,11/6/2020,11:38,Focused cohesive installation,8:28,7
766,11/18/2020,10:10,Face to face impactful local area network,20:19,10
767,12/30/2020,14:55,Multi-tiered grid-enabled system engine,22:56,9
768,9/3/2020,1:50,Expanded multimedia middleware,3:31,8
769,9/22/2020,5:49,Multi-channelled impactful customer loyalty,5:04,7
770,8/3/2020,7:13,Upgradable systemic hardware,23:50,8
771,7/13/2020,9:43,Fundamental cohesive time-frame,15:31,6
772,8/24/2020,22:31,Function-based high-level groupware,12:22,10
773,4/1/2020,14:45,Public-key multimedia archive,8:48,8
774,8/12/2020,13:25,Decentralized optimal flexibility,19:28,9
775,3/11/2021,12:38,Optional holistic collaboration,9:50,6
776,8/2/2020,8:08,Synchronised mission-critical extranet,17:29,7
777,3/6/2021,6:57,Function-based modular artificial intelligence,10:00,6
778,3/9/2021,15:50,Profit-focused maximized intranet,13:15,10
779,5/29/2020,21:32,Ergonomic full-range functionalities,15:26,6
780,10/16/2020,9:28,Balanced zero defect superstructure,11:02,10
781,4/15/2020,18:19,Inverse leading edge toolset,16:18,8
782,9/14/2020,6:22,Down-sized explicit access,10:19,9
783,6/1/2020,17:15,Advanced coherent artificial intelligence,7:57,8
784,2/7/2021,9:22,Secured high-level hierarchy,7:26,9
785,4/17/2020,20:40,Down-sized national hub,0:50,9
786,1/31/2021,13:09,Digitized zero defect synergy,15:05,9
787,11/7/2020,1:44,Up-sized high-level implementation,17:43,9
788,7/13/2020,11:40,Distributed 6th generation customer loyalty,7:31,7
789,3/28/2020,18:44,Profit-focused asynchronous concept,20:39,9
790,4/29/2020,17:20,Visionary zero tolerance attitude,21:25,6
791,1/7/2021,22:42,Focused eco-centric definition,7:16,8
792,3/6/2021,1:03,Organic object-oriented ability,15:48,9
793,10/5/2020,23:52,Function-based solution-oriented matrix,12:49,8
794,4/20/2020,8:57,Reduced logistical neural-net,9:11,8
795,2/13/2021,13:24,Sharable well-modulated analyzer,10:30,6
796,1/12/2021,4:49,Quality-focused static utilisation,21:49,6
797,5/2/2020,20:55,Switchable user-facing toolset,3:10,9
798,3/2/2021,6:34,Face to face discrete portal,0:12,8
799,6/17/2020,19:53,Intuitive web-enabled encoding,8:42,9
800,7/23/2020,19:51,Implemented didactic product,10:49,7
801,7/3/2020,7:38,Public-key secondary system engine,4:20,8
802,10/21/2020,23:58,Cross-platform web-enabled flexibility,21:22,10
803,6/18/2020,5:09,Implemented 5th generation knowledge user,19:03,8
804,7/21/2020,16:46,Optimized coherent standardization,0:36,9
805,4/1/2020,3:59,Organized secondary monitoring,3:30,8
806,3/2/2021,23:03,Robust dynamic groupware,2:41,7
807,11/27/2020,6:18,Front-line scalable moderator,4:34,10
808,4/23/2020,4:58,Future-proofed value-added extranet,19:52,10
809,6/10/2020,12:32,Customizable transitional encoding,2:02,10
810,11/8/2020,5:59,Streamlined asymmetric service-desk,1:50,7
811,12/13/2020,23:41,Quality-focused maximized protocol,16:34,7
812,4/28/2020,4:16,Ergonomic bifurcated toolset,17:13,9
813,7/12/2020,2:24,Vision-oriented responsive core,6:19,8
814,9/27/2020,16:16,Organized mobile service-desk,3:10,10
815,6/16/2020,20:12,Cross-group global customer loyalty,18:04,6
816,7/23/2020,21:10,Inverse disintermediate infrastructure,23:43,7
817,1/7/2021,12:55,Networked national data-warehouse,10:03,9
818,1/23/2021,10:25,Robust intermediate initiative,14:28,10
819,2/27/2021,11:53,Digitized composite structure,17:17,6
820,2/12/2021,1:29,Stand-alone disintermediate local area network,18:38,6
821,1/3/2021,5:08,Programmable cohesive task-force,15:08,8
822,3/29/2020,13:57,User-friendly systematic toolset,17:41,6
823,7/7/2020,7:15,Virtual eco-centric complexity,16:37,8
824,5/29/2020,4:30,Up-sized empowering Graphic Interface,23:41,7
825,7/16/2020,8:08,Re-engineered global forecast,12:16,6
826,11/14/2020,15:53,Extended 24/7 Graphic Interface,2:53,8
827,5/30/2020,8:02,Persistent mobile middleware,9:03,9
828,5/16/2020,9:04,Cloned tertiary matrices,0:37,10
829,8/7/2020,21:35,Organic cohesive definition,7:36,7
830,12/26/2020,21:58,Multi-layered tangible flexibility,3:17,10
831,11/1/2020,6:39,Compatible optimizing moderator,23:50,6
832,9/2/2020,20:22,Advanced incremental contingency,18:01,6
833,1/5/2021,23:11,Object-based directional frame,0:34,8
834,1/18/2021,12:43,Customer-focused mission-critical initiative,8:44,6
835,5/10/2020,23:37,Triple-buffered discrete framework,17:38,8
836,3/24/2021,13:58,Realigned multi-tasking solution,4:51,7
837,12/7/2020,4:28,Customer-focused global definition,3:18,10
838,2/25/2021,1:51,Multi-channelled composite artificial intelligence,12:56,10
839,3/1/2021,9:52,Synergistic tangible support,15:12,8
840,11/10/2020,0:43,Managed multi-tasking task-force,19:58,7
841,10/2/2020,21:21,Quality-focused national ability,22:14,7
842,6/2/2020,15:00,Diverse uniform productivity,8:06,8
843,5/21/2020,19:55,Operative grid-enabled internet solution,17:44,8
844,2/5/2021,14:04,Synchronised human-resource firmware,2:19,6
845,2/7/2021,3:00,Proactive methodical extranet,0:55,9
846,5/28/2020,19:59,Open-source object-oriented info-mediaries,16:54,8
847,10/14/2020,20:30,Synergized uniform solution,11:29,10
848,10/12/2020,1:42,Programmable reciprocal intranet,17:39,10
849,2/9/2021,23:52,Balanced intermediate focus group,15:47,7
850,3/5/2021,2:15,Profound 5th generation protocol,9:24,7
851,9/13/2020,16:49,Mandatory disintermediate moderator,17:48,8
852,9/10/2020,1:33,Profit-focused web-enabled collaboration,11:44,6
853,4/9/2020,11:41,Multi-channelled optimal forecast,3:34,7
854,4/16/2020,3:04,Intuitive full-range software,12:01,6
855,3/28/2020,2:32,Digitized full-range parallelism,7:04,10
856,1/6/2021,18:12,Persevering clear-thinking leverage,3:59,8
857,5/14/2020,20:19,Object-based maximized flexibility,14:46,9
858,1/19/2021,13:24,Cross-group dynamic local area network,13:13,7
859,11/1/2020,20:04,Enterprise-wide optimizing info-mediaries,16:34,9
860,10/31/2020,3:49,Stand-alone impactful complexity,21:23,7
861,10/23/2020,21:44,Visionary methodical methodology,16:01,10
862,10/18/2020,2:12,Horizontal secondary neural-net,7:59,10
863,6/3/2020,5:35,Persistent empowering flexibility,0:11,7
864,8/29/2020,20:47,Multi-layered next generation local area network,9:12,6
865,2/9/2021,3:09,Programmable explicit migration,16:32,9
866,8/5/2020,13:34,Future-proofed global secured line,5:50,6
867,6/19/2020,4:01,Object-based multimedia neural-net,1:41,6
868,4/30/2020,3:48,Enhanced full-range encryption,14:39,10
869,9/28/2020,11:15,Secured methodical application,22:31,10
870,9/3/2020,8:19,Balanced asymmetric open architecture,16:55,6
871,4/16/2020,21:19,Configurable intangible standardization,22:56,10
872,11/24/2020,21:43,Business-focused holistic array,10:32,8
873,1/15/2021,21:46,Balanced discrete contingency,19:26,10
874,7/11/2020,20:29,Fully-configurable neutral toolset,0:57,6
875,7/13/2020,15:14,Fundamental context-sensitive matrices,23:25,6
876,7/20/2020,21:47,Fundamental non-volatile contingency,19:35,10
877,10/28/2020,4:44,Visionary intermediate moratorium,12:54,9
878,4/18/2020,13:45,Synergistic bandwidth-monitored approach,11:02,7
879,10/5/2020,1:10,Cloned local attitude,1:49,6
880,10/14/2020,20:54,Inverse discrete throughput,16:00,9
881,1/5/2021,7:27,Up-sized even-keeled firmware,6:13,9
882,5/30/2020,22:48,Assimilated neutral encoding,15:17,7
883,9/7/2020,3:34,Persistent real-time infrastructure,18:11,7
884,3/1/2021,3:08,Reactive client-driven architecture,11:40,9
885,5/16/2020,21:08,Distributed reciprocal focus group,6:53,8
886,3/10/2021,19:11,Assimilated executive infrastructure,20:50,6
887,9/27/2020,10:47,Pre-emptive reciprocal product,21:13,8
888,1/31/2021,6:08,Customizable non-volatile contingency,21:05,9
889,3/10/2021,13:22,Switchable attitude-oriented hierarchy,16:52,10
890,3/8/2021,19:08,Devolved modular capacity,6:54,8
891,3/30/2020,17:27,Customer-focused 3rd generation installation,10:20,9
892,4/22/2020,8:41,Multi-lateral exuding alliance,9:30,8
893,10/13/2020,16:11,Configurable upward-trending product,3:30,9
894,7/24/2020,21:00,Extended homogeneous access,10:18,7
895,11/17/2020,10:39,Multi-lateral real-time emulation,1:31,10
896,1/1/2021,16:22,Mandatory clear-thinking internet solution,23:43,7
897,1/12/2021,22:05,Optimized object-oriented alliance,0:03,8
898,8/30/2020,14:03,Versatile mission-critical complexity,23:51,6
899,12/2/2020,13:09,Optimized executive internet solution,11:43,7
900,10/4/2020,20:03,Cross-platform well-modulated superstructure,16:10,10
901,3/1/2021,10:01,Reactive reciprocal implementation,13:43,9
902,4/22/2020,0:29,Visionary user-facing application,18:39,7
903,10/7/2020,0:11,Cross-platform 3rd generation complexity,6:37,9
904,12/25/2020,0:56,Multi-tiered empowering info-mediaries,12:30,8
905,7/9/2020,17:27,User-friendly needs-based database,14:36,9
906,9/15/2020,3:04,Ergonomic attitude-oriented approach,22:31,10
907,7/8/2020,23:39,Persistent fault-tolerant workforce,20:40,7
908,10/31/2020,14:57,Open-source background forecast,11:34,9
909,4/10/2020,2:22,Function-based radical migration,9:29,7
910,6/27/2020,11:38,Profit-focused holistic workforce,12:15,10
911,4/1/2020,8:26,Organized transitional parallelism,20:12,9
912,11/23/2020,5:44,Triple-buffered bifurcated infrastructure,20:33,6
913,2/9/2021,12:21,Mandatory asymmetric internet solution,19:22,10
914,1/21/2021,12:25,Progressive 6th generation migration,16:35,6
915,1/13/2021,3:41,Integrated demand-driven collaboration,19:30,10
916,7/24/2020,8:19,Progressive responsive artificial intelligence,13:08,10
917,11/30/2020,9:58,Diverse didactic attitude,4:46,6
918,8/24/2020,22:26,Triple-buffered systemic instruction set,8:56,8
919,10/14/2020,21:01,Progressive national challenge,11:58,6
920,2/13/2021,18:09,Decentralized 4th generation budgetary management,2:45,6
921,8/8/2020,11:43,Horizontal web-enabled knowledge base,5:31,7
922,5/7/2020,4:42,Synergized maximized flexibility,13:44,6
923,11/8/2020,1:32,Function-based directional infrastructure,18:09,7
924,1/30/2021,17:53,Multi-layered cohesive capability,7:35,10
925,9/19/2020,6:09,Optimized client-driven frame,4:51,7
926,5/24/2020,0:51,Grass-roots value-added emulation,3:00,10
927,8/13/2020,14:57,Business-focused human-resource orchestration,21:54,10
928,10/14/2020,22:48,Synergistic regional local area network,10:46,10
929,9/19/2020,17:12,Distributed background matrix,12:49,7
930,5/25/2020,22:33,Centralized real-time concept,5:09,10
931,8/4/2020,23:04,Diverse local parallelism,2:21,7
932,12/9/2020,4:24,Organized actuating firmware,3:37,6
933,2/15/2021,21:42,Future-proofed background forecast,12:56,7
934,7/9/2020,16:29,User-centric maximized approach,13:18,8
935,2/19/2021,8:23,Open-source actuating focus group,15:24,10
936,1/25/2021,15:07,Profound hybrid budgetary management,12:29,8
937,6/18/2020,3:14,Distributed hybrid emulation,17:55,8
938,3/22/2021,0:17,Distributed heuristic middleware,8:17,7
939,10/31/2020,0:39,Total tangible open system,21:26,8
940,10/15/2020,16:00,Managed 5th generation superstructure,7:38,7
941,4/2/2020,0:30,Reactive encompassing process improvement,8:34,8
942,1/29/2021,20:37,Centralized next generation conglomeration,0:22,6
943,12/23/2020,22:50,Cross-group optimal superstructure,17:42,10
944,6/29/2020,12:06,Assimilated secondary secured line,3:01,6
945,12/28/2020,5:22,Reactive hybrid instruction set,13:32,7
946,10/13/2020,17:22,Future-proofed fresh-thinking leverage,22:08,7
947,9/24/2020,17:13,Enhanced tangible concept,1:06,8
948,12/27/2020,0:24,Synergistic incremental interface,0:16,9
949,4/5/2020,3:59,Stand-alone web-enabled utilisation,22:24,8
950,2/28/2021,15:41,Balanced 24 hour moratorium,17:28,6
951,8/6/2020,1:46,Grass-roots bi-directional orchestration,21:03,6
952,1/24/2021,16:33,Open-source systemic migration,8:07,7
953,6/7/2020,18:34,Devolved bi-directional local area network,7:55,7
954,11/21/2020,9:54,Down-sized zero defect leverage,3:10,9
955,8/22/2020,10:08,Virtual attitude-oriented success,1:14,6
956,11/25/2020,7:44,Object-based interactive collaboration,12:57,9
957,6/8/2020,15:22,Universal scalable pricing structure,1:09,7
958,3/15/2021,14:56,Distributed web-enabled synergy,3:08,10
959,7/4/2020,17:37,Fundamental systematic hub,5:15,8
960,3/29/2020,20:30,Synchronised demand-driven workforce,9:14,9
961,7/16/2020,10:12,Diverse directional concept,9:17,10
962,2/28/2021,2:57,Centralized tertiary orchestration,16:25,9
963,9/19/2020,16:49,Persistent real-time orchestration,4:29,7
964,2/3/2021,23:27,Sharable 24/7 focus group,13:42,7
965,3/4/2021,23:31,Quality-focused coherent attitude,3:29,7
966,12/31/2020,16:24,Switchable methodical customer loyalty,18:37,8
967,3/16/2021,10:59,Enhanced systemic challenge,21:27,6
968,7/14/2020,16:59,Focused tertiary collaboration,7:04,8
969,4/16/2020,4:58,Object-based multimedia installation,1:14,6
970,4/9/2020,9:19,Enterprise-wide neutral leverage,13:56,8
971,5/3/2020,10:54,Pre-emptive real-time standardization,17:22,7
972,4/15/2020,5:11,Versatile multi-tasking matrices,10:15,10
973,10/30/2020,18:57,Face to face web-enabled application,15:53,8
974,8/12/2020,17:56,Switchable bifurcated access,0:19,7
975,7/8/2020,20:30,Stand-alone motivating functionalities,17:48,8
976,2/19/2021,9:42,Networked reciprocal firmware,6:14,6
977,7/27/2020,21:01,Persevering actuating task-force,1:02,9
978,10/15/2020,18:02,Innovative content-based benchmark,0:08,6
979,7/10/2020,11:11,Distributed maximized conglomeration,0:43,8
980,1/9/2021,19:04,Team-oriented impactful projection,23:33,6
981,6/25/2020,5:02,Multi-layered real-time Graphical User Interface,16:41,9
982,7/19/2020,17:53,Integrated background framework,15:11,9
983,2/15/2021,10:15,Universal disintermediate functionalities,10:02,9
984,11/30/2020,17:12,Diverse leading edge product,4:23,7
985,1/2/2021,21:20,Open-source bandwidth-monitored pricing structure,5:48,7
986,7/21/2020,3:20,Assimilated 3rd generation installation,21:48,7
987,4/20/2020,9:08,Public-key even-keeled challenge,16:56,7
988,2/19/2021,20:43,Upgradable human-resource complexity,21:41,10
989,3/26/2021,5:38,Stand-alone directional data-warehouse,22:16,8
990,5/2/2020,17:56,Visionary user-facing synergy,1:26,8
991,6/6/2020,21:59,Robust 24/7 initiative,8:26,10
992,8/28/2020,10:27,Pre-emptive responsive knowledge user,19:54,9
993,10/6/2020,6:41,Open-architected bottom-line capacity,18:34,8
994,3/7/2021,22:51,Devolved optimal knowledge user,13:47,7
995,1/22/2021,15:49,Compatible attitude-oriented website,9:02,9
996,2/23/2021,1:56,Sharable fresh-thinking emulation,5:55,7
997,3/5/2021,23:40,Enterprise-wide 4th generation pricing structure,16:40,6
998,2/18/2021,11:40,Enhanced local function,5:30,8
999,6/9/2020,5:38,Programmable zero defect throughput,7:25,9
1000,2/7/2021,12:08,Synergized executive benchmark,19:16,7
