person_id,email_address,first_name,last_name,phone_number
61,bsouttar0@barnesandnoble.com,Bobinette,Souttar,7956580230
62,ebriers1@goodreads.com,Enrico,Briers,9133250411
63,lwike2@sitemeter.com,Liv,Wike,9109213831
64,hdingate3@wp.com,Horton,Dingate,5939334887
65,ablais4@ocn.ne.jp,Aubine,Blais,8921526566
66,gmcmanamen5@irs.gov,Guillaume,McManamen,8656349894
67,bjell6@typepad.com,Bathsheba,Jell,5695431418
68,dcrowley7@utexas.edu,Danette,Crowley,4678192938
69,ahunter8@1688.com,Aldridge,Hunter,4169671639
70,vingold9@mozilla.org,Vinita,Ingold,3844862781
71,dskynnera@japanpost.jp,Doll,Skynner,9648908503
72,molfordb@slate.com,Mordy,Olford,5832960589
73,cneliganc@globo.com,Collen,Neligan,1538399259
74,rdelaguad@creativecommons.org,Ramonda,Delagua,4555583148
75,ppothergille@icq.com,Penn,Pothergill,1467190301
76,fcollinghamf@netlog.com,Fernando,Collingham,3086483666
77,vscoldingg@rediff.com,Venus,Scolding,3354222698
78,ebyardh@icq.com,Emile,Byard,1766185161
79,ebesteri@mayoclinic.com,Engracia,Bester,5484383036
80,hpriddisj@un.org,Herb,Priddis,5467628488
81,eottewellk@xrea.com,Elka,Ottewell,6783454215
82,pbleesl@vinaora.com,Paquito,Blees,5675271441
83,flabbem@businessinsider.com,Farrell,Labbe,1172169360
84,cragdalen@google.pl,Chelsae,Ragdale,8642023258
85,kthowlesso@tiny.cc,Keeley,Thowless,4041871256
86,tmalimoep@tinypic.com,Tedda,Malimoe,7788733742
87,wrylanceq@phpbb.com,Wendel,Rylance,1165078393
88,afranckr@w3.org,Allister,Franck,2591169701
89,dbrounes@unc.edu,Danette,Broune,8317249870
90,bmoyet@dropbox.com,Barrie,Moye,5335602737
91,zheinriciu@netvibes.com,Zerk,Heinrici,9109034332
92,rwagerfieldv@shutterfly.com,Rozele,Wagerfield,8498660181
93,gmithamw@google.co.jp,Griz,Mitham,4482867914
94,afeuellx@webeden.co.uk,Alessandro,Feuell,5726818211
95,rlawrencey@xing.com,Rancell,Lawrence,6691448027
96,kcanez@so-net.ne.jp,Keelia,Cane,2663332766
97,nquenby10@i2i.jp,Noelani,Quenby,2677343258
98,shuet11@cyberchimps.com,Siward,Huet,2932441918
99,sbrikner12@geocities.com,Stinky,Brikner,2643708760
100,bogrowgane13@g.co,Bathsheba,O'Growgane,6646249161
101,mosborn14@kickstarter.com,Missy,Osborn,3338081983
102,ppresser15@linkedin.com,Pattin,Presser,7249430999
103,zlehrian16@networkadvertising.org,Zita,Lehrian,7114893908
104,garangy17@wikipedia.org,Gawain,Arangy,3995222150
105,cgiacoboni18@salon.com,Corabelle,Giacoboni,7782748052
106,relliss19@examiner.com,Roddie,Elliss,7122540082
107,klangsdon1a@accuweather.com,Keelia,Langsdon,1676399251
108,amongeot1b@unc.edu,Alic,Mongeot,1114888383
109,mattenbrough1c@ft.com,May,Attenbrough,9954473062
110,sbantock1d@cdbaby.com,Staffard,Bantock,5099715911
111,amanuely1e@amazonaws.com,Abbe,Manuely,4066560676
112,uhatchman1f@fda.gov,Umberto,Hatchman,1523575636
113,zswanwick1g@yahoo.com,Zebadiah,Swanwick,8115577350
114,ehulcoop1h@meetup.com,Emmy,Hulcoop,2591976038
115,vsnowling1i@godaddy.com,Verina,Snowling,1134876152
116,rbanbrigge1j@techcrunch.com,Ruby,Banbrigge,5329550821
117,jwabersinke1k@google.fr,Judie,Wabersinke,3531931263
118,gdoonican1l@sourceforge.net,Giavani,Doonican,8888276903
119,amarley1m@google.co.jp,Alaster,Marley,6465172459
120,ptrubshaw1n@vimeo.com,Patten,Trubshaw,4608560484
121,pkeilty1o@npr.org,Prudence,Keilty,8641675480
122,mscathard1p@simplemachines.org,Melicent,Scathard,9756869535
123,mmathivon1q@blogtalkradio.com,Myrna,Mathivon,4912552017
124,rrubrow1r@moonfruit.com,Roxy,Rubrow,2841489437
125,arussen1s@netvibes.com,Adrienne,Russen,8441779831
126,oliepina1t@blogs.com,Ody,Liepina,3385049383
127,fhuddy1u@cisco.com,Fern,Huddy,7894223784
128,ehattoe1v@go.com,Evanne,Hattoe,3741488242
129,aboick1w@tripod.com,Augustus,Boick,9538634120
130,kquinnelly1x@altervista.org,Karrie,Quinnelly,1525096233
131,mdawltrey1y@omniture.com,Marie-ann,Dawltrey,7925687598
132,asyder1z@reverbnation.com,Aimee,Syder,7871702834
133,kbrazil20@theglobeandmail.com,Kele,Brazil,5663874808
134,mwillans21@oracle.com,Milissent,Willans,7615437671
135,nmcdermot22@omniture.com,Nicoli,McDermot,7862832223
136,pferrotti23@chron.com,Pace,Ferrotti,1194634438
137,loconcannon24@time.com,Lockwood,O' Concannon,3025019614
138,dannandale25@census.gov,Desmund,Annandale,7608681760
139,mstammers26@illinois.edu,Mindy,Stammers,9266209600
140,bmcnerlin27@cbslocal.com,Betta,McNerlin,6474022065
141,jeldin28@spiegel.de,Justinn,Eldin,2202225377
142,achaplyn29@usatoday.com,Adelaide,Chaplyn,8244200506
143,jblackburne2a@webs.com,Joey,Blackburne,4382090877
144,cgheorghe2b@cam.ac.uk,Christina,Gheorghe,3999160381
145,kburgett2c@europa.eu,Kenon,Burgett,6137623741
146,ldeighton2d@ameblo.jp,Lorelei,Deighton,1719196835
147,clabden2e@wufoo.com,Cassandre,Labden,4392249916
148,mlernihan2f@e-recht24.de,Melinda,Lernihan,9605565313
149,sgouth2g@quantcast.com,Seymour,Gouth,2447816490
150,pshowt2h@issuu.com,Park,Showt,6902080154
151,mwiskar2i@163.com,Martina,Wiskar,9467930147
152,sjenik2j@scribd.com,Sherri,Jenik,5713050001
153,amatiebe2k@wisc.edu,Alejoa,Matiebe,3198207637
154,rpurse2l@cloudflare.com,Rodina,Purse,3837524231
155,tralls2m@sogou.com,Taddeusz,Ralls,8599407643
156,mspears2n@nature.com,Manfred,Spears,4931669847
157,mtorbet2o@google.pl,Margaretha,Torbet,1772526481
158,ccowser2p@fotki.com,Curtice,Cowser,2363292557
159,lsharp2q@pagesperso-orange.fr,Lin,Sharp,9243717673
160,gtinto2r@google.es,Geoffry,Tinto,1829022918
161,hgolton2s@g.co,Haze,Golton,7865775012
162,moffen2t@adobe.com,Mathew,Offen,5646826512
163,mpullar2u@i2i.jp,Maxie,Pullar,6298919450
164,bwurz2v@friendfeed.com,Bonita,Wurz,7035022889
165,mgawkroge2w@statcounter.com,Morgan,Gawkroge,9198160798
166,gderham2x@china.com.cn,Gun,Derham,3634740145
167,nmaclleese2y@quantcast.com,Nadiya,MacLleese,6866676195
168,cmonini2z@nature.com,Cammy,Monini,6808294259
169,swalster30@angelfire.com,Suzie,Walster,9645115427
170,gsaur31@epa.gov,Gris,Saur,5274445719
171,lformie32@ifeng.com,Laverna,Formie,2252096499
172,mboggs33@cbslocal.com,Moira,Boggs,3601500084
173,atissier34@tinypic.com,Aldridge,Tissier,6852820084
174,jstudd35@clickbank.net,Jemimah,Studd,1274383562
175,kwaggitt36@ted.com,Kane,Waggitt,2087463927
176,bmongain37@360.cn,Berenice,Mongain,7407159323
177,jderricoat38@de.vu,Joey,Derricoat,7156138595
178,mtresise39@techcrunch.com,Mariele,Tresise,5907786276
179,rling3a@rambler.ru,Reinwald,Ling,7649765105
180,ctrytsman3b@toplist.cz,Clary,Trytsman,3158184204
181,bcicchinelli3c@yellowbook.com,Belinda,Cicchinelli,1794381711
182,cfranceschi3d@patch.com,Claresta,Franceschi,3395410291
183,dsangwine3e@nydailynews.com,Dennison,Sangwine,5758190254
184,abaxster3f@list-manage.com,Agna,Baxster,4842020606
185,tcastagna3g@tiny.cc,Tiebold,Castagna,8244851312
186,aguidi3h@java.com,Adiana,Guidi,2561573348
187,ccouch3i@alibaba.com,Chelsea,Couch,4904833219
188,fostick3j@abc.net.au,Frieda,Ostick,6646761170
189,rbreckon3k@phoca.cz,Reg,Breckon,3058002103
190,bdumberrill3l@huffingtonpost.com,Billye,Dumberrill,7244072608
191,dkener3m@tripod.com,Davy,Kener,7144614223
192,mmerwe3n@amazonaws.com,Malynda,Merwe,4071605288
193,glaverock3o@shinystat.com,Georgie,Laverock,7234272976
194,csprackling3p@tamu.edu,Corena,Sprackling,7841453570
195,awilleman3q@dailymotion.com,Amandi,Willeman,9056620704
196,mbeston3r@intel.com,Maison,Beston,1638202213
197,mpetrolli3s@cargocollective.com,Marchall,Petrolli,4327799917
198,evescovo3t@nifty.com,Eustace,Vescovo,7025427700
199,msilly3u@1688.com,Maggy,Silly,1637369029
200,lnafziger3v@g.co,Lindsey,Nafziger,2523635498
