person_id,email_address,first_name,last_name,phone_number,average_delivery_time,number_of_deliveries
201,fwooderson0@ycombinator.com,Frederich,Wooderson,3916274308,28,750
202,pdufour1@unesco.org,Pandora,Dufour,1849868574,39,219
203,rbetterton2@nydailynews.com,Roderick,Betterton,9022562491,42,209
204,jglenton3@sbwire.com,Job,Glenton,7027194314,14,28
205,mpreon4@hubpages.com,Mikey,Preon,5025629056,44,75
206,mbuzza5@stanford.edu,Maddalena,Buzza,2433843513,18,18
207,ebernardos6@paypal.com,Elston,Bernardos,5649051574,22,649
208,mmcrobert7@sitemeter.com,Moe,McRobert,8273441287,38,376
209,pinchcomb8@unicef.org,Paige,Inchcomb,8172527433,22,353
210,bthom9@blogspot.com,Blondie,Thom,8502949538,30,21
211,soneala@google.com,Scarlet,O'Neal,6698879818,15,584
212,ggimbletb@elpais.com,Gardy,Gimblet,6142591900,25,993
213,jwhilec@latimes.com,Jeffry,While,5962356135,23,342
214,hcrumped@mtv.com,Heidi,Crumpe,7122596543,40,778
215,jstoneye@independent.co.uk,Jordain,Stoney,2998302332,30,306
216,fsproulf@networksolutions.com,Far,Sproul,6892663165,15,589
217,kadriang@php.net,Kerrill,Adrian,6023977962,35,640
218,bgallichanh@illinois.edu,Bel,Gallichan,2282044475,12,330
219,lingarfilli@xinhuanet.com,Lisle,Ingarfill,1027577110,30,144
220,omcandiej@devhub.com,Odessa,McAndie,9555491044,17,385
221,csallissk@dot.gov,Carny,Salliss,6481771571,20,799
222,ccottell@psu.edu,Curtis,Cottel,7797376780,21,496
223,yraffinm@topsy.com,Ysabel,Raffin,7956191847,25,171
224,fbragern@samsung.com,Ferrel,Brager,1973728147,29,620
225,bdesremedioso@soup.io,Bald,des Remedios,7333347780,43,452
226,mwoliterp@state.tx.us,Marline,Woliter,5479502354,31,634
227,rferriq@deviantart.com,Reynold,Ferri,5718044299,29,808
228,rharkenr@t-online.de,Ronnie,Harken,3124659631,19,559
229,caggetts@jigsy.com,Corry,Aggett,8537984223,22,660
230,jlegricet@phoca.cz,Josephina,Le Grice,5636408752,26,808
231,smenguyu@fc2.com,Sheryl,Menguy,7168938368,15,893
232,jmackeev@webmd.com,Jocelyn,MacKee,4813849707,42,937
233,cgladmanw@marriott.com,Chariot,Gladman,3151445776,25,991
234,ksemplex@bigcartel.com,Ky,Semple,6422623877,25,85
235,sattenbroughy@utexas.edu,Silvain,Attenbrough,4356238567,20,29
236,dshermarz@ft.com,Dominga,Shermar,1739443105,23,899
237,nkeech10@nhs.uk,Nikola,Keech,1255923195,22,956
238,dgrindell11@tripod.com,Denice,Grindell,3584929443,42,51
239,sgopsall12@hhs.gov,Stephanus,Gopsall,8441245422,27,73
240,rkornyshev13@sitemeter.com,Rabbi,Kornyshev,3369536175,19,33
241,mdunabie14@wp.com,Myrlene,Dunabie,6164904117,33,2
242,lpaireman15@163.com,Letitia,Paireman,6827446324,16,764
243,aeakins16@wikipedia.org,Anallese,Eakins,5693657762,18,102
244,lconcannon17@sphinn.com,Lorna,Concannon,9145793234,11,679
245,fgook18@diigo.com,Flory,Gook,2892254354,42,413
246,eheffy19@squidoo.com,Elbert,Heffy,4085132830,13,905
247,kromain1a@vimeo.com,Kellia,Romain,5773569146,29,491
248,hwrankling1b@springer.com,Hollis,Wrankling,2536286004,43,912
249,abakeup1c@flavors.me,Annamaria,Bakeup,9908980101,13,156
250,jruzek1d@shinystat.com,Josepha,Ruzek,2255927190,26,744
251,cbisseker1e@histats.com,Cristabel,Bisseker,7002103944,24,268
252,rfrearson1f@cargocollective.com,Ruben,Frearson,3955494731,40,820
253,bnorthridge1g@accuweather.com,Brandyn,Northridge,8218611652,42,153
254,mtredget1h@angelfire.com,Miller,Tredget,4514057290,14,866
255,mjahner1i@issuu.com,Marybeth,Jahner,8334174414,23,741
256,broizin1j@cdbaby.com,Barn,Roizin,1574727050,21,677
257,dbelmont1k@360.cn,Danell,Belmont,8402028017,28,653
258,kjubert1l@google.it,Kinna,Jubert,1432459576,40,507
259,hgloy1m@unc.edu,Hanan,Gloy,4284907863,13,58
260,htees1n@imdb.com,Hank,Tees,1735279120,16,316
261,pmcdiarmid1o@latimes.com,Padriac,McDiarmid,3367678818,35,208
262,mwoodhams1p@prnewswire.com,Mariam,Woodhams,2577971563,22,511
263,ldragonette1q@ibm.com,Loni,Dragonette,6197817476,26,251
264,ccolebourn1r@miibeian.gov.cn,Clint,Colebourn,7274214390,23,957
265,cmacneilley1s@alibaba.com,Correy,MacNeilley,2977457349,39,651
266,ckettley1t@businessinsider.com,Cornie,Kettley,2462451553,35,630
267,kdillimore1u@ebay.com,Katharine,Dillimore,2745365303,31,775
268,ggrunnill1v@pinterest.com,Gregorius,Grunnill,4527554497,45,614
269,dcowern1w@goo.gl,Dian,Cowern,8531161498,40,40
270,mbarfitt1x@intel.com,Meredithe,Barfitt,5986942614,37,97
271,nramplee1y@behance.net,Norrie,Ramplee,2844998731,25,413
272,lodoherty1z@miitbeian.gov.cn,Lucias,O'Doherty,2776236700,12,308
273,mtruter20@sphinn.com,Mair,Truter,8243683032,12,615
274,amarking21@usnews.com,Ariana,Marking,5869692290,34,525
275,tfitkin22@zdnet.com,Trish,Fitkin,3932478357,18,936
276,kreadman23@linkedin.com,Karim,Readman,4703676465,23,142
277,mmein24@bloglovin.com,Marietta,Mein,6161169665,25,814
278,meveril25@sbwire.com,Maurizia,Everil,9861944325,36,516
279,rgandey26@over-blog.com,Reeba,Gandey,2236054765,22,332
280,bainge27@php.net,Brian,Ainge,7072866952,44,40
281,ghaney28@timesonline.co.uk,Gar,Haney,8589383399,17,788
282,ccolyer29@wp.com,Carl,Colyer,6991138218,34,327
283,nmarques2a@posterous.com,Nola,Marques,9121059931,10,397
284,ldemendoza2b@webmd.com,Lynea,de Mendoza,2113931820,35,632
285,cjarmyn2c@nsw.gov.au,Claudetta,Jarmyn,8344474317,39,463
286,wcaller2d@seattletimes.com,Walker,Caller,4301241979,43,276
287,mmarkus2e@networkadvertising.org,Malcolm,Markus,6009979948,34,514
288,mmetzing2f@loc.gov,Marrilee,Metzing,9613121705,30,728
289,cenderwick2g@imgur.com,Chet,Enderwick,7849871912,12,506
290,smapledoore2h@parallels.com,Selig,Mapledoore,9777910773,14,768
291,amufford2i@oaic.gov.au,Aigneis,Mufford,2213003624,12,679
292,kmatthai2j@ted.com,Kimbra,Matthai,1759744343,38,943
293,ldrexel2k@engadget.com,Lotty,Drexel,8377156521,33,428
294,tmangham2l@gizmodo.com,Ted,Mangham,4627586791,27,718
295,pbrosnan2m@lycos.com,Patrica,Brosnan,5267197685,36,964
296,hmaggiore2n@google.de,Hadleigh,Maggiore,6387225322,21,964
297,kceschini2o@wp.com,Kevin,Ceschini,4535831483,13,13
298,sfriedlos2p@so-net.ne.jp,Sigismundo,Friedlos,3148465425,15,234
299,jcordey2q@uiuc.edu,Jess,Cordey,9753117190,28,27
300,brupp2r@hud.gov,Barbara,Rupp,3146660926,35,596
