person_id,first_name,last_name,phone_number,address_id
301,Ermentrude,Byfield,770 940 8621,401
302,Lynne,Echalier,309 472 5151,402
303,Barnaby,Smullin,611 736 2155,403
304,Jacquenette,Marchment,965 165 6861,404
305,Kliment,Budding,376 278 4951,405
306,Sidoney,Cossor,248 279 7872,406
307,Kamila,Dives,263 428 1383,407
308,Jany,Pidon,933 456 2438,408
309,Uta,Landon,680 623 4216,409
310,Dick,Chipman,334 829 2015,410
311,Troy,Colebourn,170 284 0577,411
312,Blinni,Clever,730 331 8713,412
313,Byrann,Tarbert,454 117 3049,413
314,Carlin,Dows,829 881 0430,414
315,Dody,Argabrite,558 420 9207,415
316,Daffy,Goldsmith,547 214 8166,416
317,Katrine,Haughin,356 702 3311,417
318,Johnette,Yeowell,388 859 9650,418
319,Vernen,Pont,423 951 8388,419
320,Jarret,Sollon,270 273 6810,420
321,Devlen,Waller-Bridge,249 918 4014,421
322,Ashlie,Girardin,897 711 6736,422
323,Ulises,Gheorghescu,968 378 0675,423
324,Daniel,MacNeilley,431 731 5525,424
325,Matilde,Revan,186 839 1666,425
326,Peri,Mathews,239 178 7469,426
327,Denise,Exrol,629 539 3865,427
328,Marcellina,Limpertz,297 463 5309,428
329,Spense,Harget,926 634 1444,429
330,Caroline,Jorgesen,626 737 8014,430
331,Martica,Scandrett,882 880 8829,431
332,Barbara,Beurich,736 900 6157,432
333,Ax,Crockatt,397 462 4984,433
334,Ardath,Hampe,170 696 1454,434
335,Ray,McCourt,988 691 7934,435
336,Keefe,Fingleton,899 767 9226,436
337,Anne,Wyke,828 242 7054,437
338,Mureil,Curness,430 695 3945,438
339,Maureene,MacDunleavy,263 279 5573,439
340,Dag,Beaglehole,400 310 7506,440
341,Harper,McCarlich,578 412 8001,441
342,Eydie,Clemanceau,282 654 4730,442
343,Gusella,Laye,542 648 0953,443
344,Glenine,Potapczuk,280 186 5552,444
345,Marion,Eckley,697 769 8792,445
346,Evanne,Conan,410 969 3530,446
347,Lorene,Paradis,389 440 8803,447
348,Elston,Fierman,349 730 6134,448
349,Farley,Bacchus,344 496 7097,449
350,Jonell,Spilisy,831 129 8768,450
351,Dorthea,Greenley,430 944 9195,451
352,Shauna,Thowes,929 231 0085,452
353,Felicio,Ferriere,395 556 7338,453
354,Marc,Halfacree,126 258 0693,454
355,Zack,Lie,549 492 3593,455
356,Turner,Salthouse,348 141 8662,456
357,Gal,Coulter,165 743 7935,457
358,Ruperto,Paylor,109 701 2304,458
359,Costanza,Sandiford,375 383 3826,459
360,Doy,Heard,352 649 6797,460
361,Gawain,Shelvey,971 719 8901,461
362,Chen,Hayball,482 457 5552,462
363,Hortense,Chesshire,639 303 0940,463
364,Sibylla,de Banke,650 897 0718,464
365,Chastity,Beadnall,794 621 3909,465
366,Madelina,Filewood,449 335 4639,466
367,Axel,Cohalan,754 959 7610,467
368,Tessie,Hellwich,603 258 3884,468
369,Jeffie,Sutworth,462 223 7434,469
370,Andriette,Barock,861 707 6798,470
371,Hilton,Brunet,525 696 1783,471
372,Dieter,Narbett,425 750 4300,472
373,Gregg,Winkett,466 956 0937,473
374,Madison,Guillem,835 889 7283,474
375,Marni,Sutworth,305 167 0039,475
376,Eolande,Sproul,562 277 3681,476
377,Sean,Brunker,413 655 9404,477
378,Dulciana,Filintsev,837 148 3908,478
379,Irwin,Barnhill,370 328 8610,479
380,Merrile,Maber,796 871 0145,480
381,Hamil,Leyban,629 691 3785,481
382,Hurlee,Fender,632 702 3652,482
383,Emili,McMickan,846 424 8776,483
384,Ansel,Bamb,596 494 6619,484
385,Tracee,Bodleigh,489 600 4667,485
386,Udall,Leighton,750 661 7306,486
387,Antoinette,Hackey,469 394 5926,487
388,Nikki,Beautyman,159 925 5661,488
389,Elva,Pedron,805 462 6894,489
390,Lyda,Fair,125 720 3609,490
391,Coral,Waltho,280 470 3803,491
392,Manon,Hinz,476 862 1491,492
393,Ardeen,Balden,141 706 8752,493
394,Ivonne,Tildesley,405 142 4182,494
395,Giacinta,Ornillos,149 231 4132,495
396,Livvy,Mickleburgh,647 641 7148,496
397,Alexio,Rainbird,189 632 0900,497
398,Avril,Kupisz,770 948 1095,498
399,Melanie,Stretton,970 568 8751,499
400,Clarice,Lobe,940 916 1584,500
401,Guido,Riccetti,725 568 2492,501
402,Shell,Matthewson,998 825 9954,502
403,Westleigh,Exer,623 563 9533,503
404,Glynn,Carabine,875 232 1021,504
405,Elsbeth,Chastang,800 815 8633,505
406,Erastus,Torresi,160 108 1413,506
407,Toinette,Quarrington,405 999 3507,507
408,Zita,McAvinchey,415 391 4470,508
409,Daven,Greensite,515 326 6890,509
410,Candie,Mathivat,980 723 8950,510
411,Bill,Ancketill,657 802 4627,511
412,Warner,Plose,612 247 6095,512
413,Etta,Campos,762 993 5272,513
414,Iormina,Ferens,325 363 6322,514
415,Julee,Serrier,975 443 8736,515
416,Darline,Krook,223 373 4940,516
417,Sapphira,Worvell,389 215 3681,517
418,Hersch,Dimock,468 564 4433,518
419,Lacy,McGilleghole,670 621 1621,519
420,Eadie,Attryde,145 414 2788,520
421,Keene,Oguz,618 377 5141,521
422,Maude,Pavy,114 792 0000,522
423,Oona,Itzkovich,861 712 2312,523
424,Mel,Jelphs,375 445 8366,524
425,Byran,Riditch,263 575 2857,525
426,Bartholemy,Wrench,963 495 4494,526
427,Nonie,Tomei,778 652 9843,527
428,Omar,Grundwater,135 541 4691,528
429,Ilaire,Horsburgh,853 500 8514,529
430,Matt,Goodlet,365 734 8146,530
431,Petra,Di Angelo,754 945 9346,531
432,Faythe,Antonov,312 982 9383,532
433,Fenelia,Pesticcio,763 226 3587,533
434,Kelcie,Flott,400 795 8044,534
435,Ker,Diano,527 563 4849,535
436,Elka,Hercock,647 104 5407,536
437,Damaris,Mickelwright,676 441 7145,537
438,Morie,Dominguez,804 976 2961,538
439,Twila,Baack,975 279 2635,539
440,Corliss,Mallall,254 248 9737,540
441,Morse,Chilles,157 209 9549,541
442,Angy,de Mendoza,955 802 1472,542
443,Monro,Whellans,610 574 9226,543
444,Ailene,Stood,102 250 2886,544
445,Kingston,Lownsbrough,983 160 5176,545
446,Duff,Arnao,559 329 2420,546
447,Ashley,Treven,404 116 2470,547
448,Muhammad,Bendall,407 122 4105,548
449,Harrietta,Patridge,639 864 0447,549
450,Hobart,Pawelke,943 554 4723,550
451,Tedmund,Skelbeck,275 671 5926,551
452,Thorn,Scogin,904 666 0168,552
453,Elianora,Marchington,409 110 9514,553
454,Barnabas,Stealey,718 601 3026,554
455,Jenn,Borleace,410 304 0296,555
456,Teddie,Abrahamian,570 231 6761,556
457,Cyndi,Pickles,769 765 1457,557
458,Mauricio,Paolacci,234 567 0390,558
459,Kit,Walley,380 137 3089,559
460,Brady,Mungane,881 551 1674,560
461,Lura,Aspy,214 562 1781,561
462,Emmanuel,Baber,179 663 0381,562
463,Alric,Iuorio,269 455 5568,563
464,Prescott,Ralph,478 870 9755,564
465,Collette,Nelson,412 355 0905,565
466,Bevvy,Sproston,236 269 4590,566
467,Marmaduke,Albiston,973 380 7883,567
468,Kris,Larkings,443 695 8092,568
469,Joya,Playfoot,218 756 0000,569
470,Hildagard,Colclough,759 108 8788,570
471,Martin,Ness,752 134 5850,571
472,Bard,Daltry,706 402 1168,572
473,Verile,Dewi,478 889 6569,573
474,Rickert,Dunk,772 892 5507,574
475,Holly,Eltone,101 985 6870,575
476,Prudi,Balderson,744 473 4721,576
477,Orella,De Simone,651 625 2010,577
478,Brandea,Tzuker,172 418 3950,578
479,Alfie,Briskey,162 396 2610,579
480,Tim,Adkin,531 526 3557,580
481,Inigo,Leese,814 425 2452,581
482,Ariela,Smewin,711 650 9753,582
483,Thedric,Van Der Walt,722 729 2699,583
484,Angie,Cubberley,899 471 2666,584
485,Viviene,Dooley,315 907 7259,585
486,Hank,Beck,336 962 0866,586
487,Sean,Trinke,515 313 7189,587
488,Walther,Heams,893 215 6537,588
489,Rafaellle,Tomsu,980 549 7879,589
490,Chrysler,Medlin,890 355 0096,590
491,Granthem,Annatt,994 378 3032,591
492,Kalvin,Archibald,274 382 4609,592
493,Durand,Symondson,659 722 2985,593
494,Estelle,Lazar,812 539 7110,594
495,Elise,Furneaux,448 250 5969,595
496,Bidget,Lippiatt,143 427 0680,596
497,Babs,Foottit,785 321 8759,597
498,Bondon,Ebi,615 967 5858,598
499,Augustine,Itzhaki,586 136 6313,599
500,Ingra,Copper,596 750 7296,600
501,Ariadne,Pilbury,366 809 0032,601
502,Conan,Blaxley,769 883 3996,602
503,Ramsey,Pepall,299 383 3268,603
504,Owen,Sharp,486 763 5172,604
505,Maggie,Josilevich,123 448 6371,605
506,Marty,Janos,519 982 6543,606
507,Tania,Gardner,891 585 3054,607
508,Gregory,Baldini,770 531 3040,608
509,Janith,Morit,972 204 6573,609
510,Davin,Rizzardo,276 187 2222,610
511,Yvonne,Hartridge,341 365 0855,611
512,Curt,Audritt,925 910 6974,612
513,Lucila,Moraleda,154 514 8714,613
514,Norbie,Callow,685 562 5625,614
515,Blinny,Chatelet,313 594 7480,615
516,Mandi,Cyson,305 631 5924,616
517,Hagen,Tailour,614 885 5058,617
518,Josephine,Dumphries,626 112 5177,618
519,Bastien,Camble,862 387 1376,619
520,Marve,Hatrey,794 618 9270,620
521,Frederick,Hynson,282 570 0414,621
522,Ase,Spini,458 840 1440,622
523,Ahmad,Maurice,271 904 5363,623
524,Yankee,Aylin,801 945 6315,624
525,Pip,Cutmare,189 598 3502,625
526,Tonya,Pistol,793 152 4140,626
527,Veronica,Hoyland,106 386 1391,627
528,Thorndike,Tegler,875 741 8509,628
529,Marlon,Edgeller,127 529 8402,629
530,Nicola,Meedendorpe,496 151 1182,630
531,Stormi,Nijs,429 308 0930,631
532,Luise,Cruce,546 182 4814,632
533,Berni,Semble,894 856 4888,633
534,Ariadne,Treweke,990 361 8507,634
535,Dickie,Nockalls,266 120 7882,635
536,Lily,Chittey,120 532 7711,636
537,Tamra,Nannetti,616 185 7153,637
538,Thorpe,Humpherston,788 554 1259,638
539,Ilise,Sketh,616 688 2459,639
540,Maddie,Hazeldine,211 160 9039,640
541,Virginie,Montague,904 401 5531,641
542,Claiborne,Edridge,982 595 8139,642
543,Ambrosio,Happel,571 904 9000,643
544,Tisha,Ormiston,984 430 5262,644
545,Cheryl,Cotte,952 509 6494,645
546,Davon,Titley,473 105 5339,646
547,Mirabella,Groarty,540 928 0783,647
548,Godiva,Stanfield,886 925 8901,648
549,Roslyn,Clohessy,890 201 9610,649
550,Ninetta,Di Iorio,344 652 8888,650
551,Liam,Odde,828 600 8960,651
552,Urbano,Seamer,181 272 8574,652
553,Casandra,Colvin,463 693 0563,653
554,Brett,Drance,530 610 2523,654
555,Othilia,Shuard,868 451 5039,655
556,Prinz,Langland,956 220 0179,656
557,Sadye,Thunnercliffe,114 155 2148,657
558,Ly,Beatty,994 304 7876,658
559,York,Kamien,611 991 7110,659
560,Stevy,Zorro,813 892 7939,660
561,Darrin,Migheli,220 755 2672,661
562,Frasco,Tejero,122 959 6140,662
563,Curr,Checkley,285 403 1485,663
564,Obadias,Frandsen,810 656 3967,664
565,Ced,Holyard,620 964 8803,665
566,Georgeanna,Darrington,660 168 1261,666
567,Heddie,Bernardinelli,257 577 9707,667
568,Tracie,Roocroft,631 994 1258,668
569,Paulie,Feveryear,855 968 6104,669
570,Nesta,Hebbard,735 977 3688,670
571,Kora,Ebbrell,917 536 2645,671
572,Angie,Windram,769 320 5806,672
573,Charmain,Tarbard,817 948 1149,673
574,Alwyn,McAsgill,800 250 7512,674
575,Donnell,Vallance,466 122 0567,675
576,Nikolai,Seares,914 254 3161,676
577,Eal,Keaveny,555 202 2403,677
578,Phillipp,Spaxman,364 479 2729,678
579,Currey,Swainston,909 718 8086,679
580,Hinze,Forkan,792 373 1094,680
581,Almira,McGiven,529 949 6617,681
582,Freda,St. Paul,261 189 0305,682
583,Melania,Howey,574 725 1854,683
584,Ives,Crumley,920 658 2118,684
585,Joela,Adne,255 617 3861,685
586,Caril,Ioan,472 265 5189,686
587,Zeb,Diamant,290 737 0178,687
588,Man,Shiel,299 852 3815,688
589,Dawn,Bertot,541 683 1370,689
590,Orly,Chaytor,636 282 2978,690
591,Jackqueline,Rospars,380 620 2305,691
592,Brandy,Spyer,904 592 4517,692
593,Tillie,Cogdon,896 406 6786,693
594,Hoyt,Byk,732 502 8381,694
595,Ermentrude,Ewbanke,978 176 9404,695
596,Halli,Maybery,202 283 6224,696
597,Byrann,Engelmann,738 495 2749,697
598,Hinda,Mainston,940 959 7405,698
599,Tabbie,Lawrie,324 730 5235,699
600,Kim,Masterman,704 671 3932,700
601,Abramo,Baroche,595 222 4427,701
602,Paddie,Brusin,916 453 1041,702
603,Erin,Korda,187 307 0329,703
604,Jeffie,Tallant,928 259 6658,704
605,Naoma,Kelk,133 547 3853,705
606,Brannon,Village,278 358 2970,706
607,Joelle,Barosch,294 574 5109,707
608,Drusy,Hinz,428 565 8308,708
609,Mart,Leverington,628 681 7309,709
610,Ammamaria,Kellog,877 951 5156,710
611,Claire,Caddie,474 632 0997,711
612,Solomon,Meates,131 344 5406,712
613,Kin,Goulborne,400 234 0041,713
614,Chick,Roulston,292 486 5354,714
615,Ronica,Gwyllt,365 995 0970,715
616,Sibley,Dabourne,291 313 4650,716
617,Latia,Rassmann,887 826 5126,717
618,Greg,Ten Broek,382 179 5347,718
619,Sybille,Treves,976 188 3294,719
620,Kathye,Meredith,249 108 3948,720
621,Raynard,Oakwell,294 921 7397,721
622,Patrizio,Haith,483 485 2553,722
623,Brent,De Simone,688 436 5762,723
624,Isadora,Richardin,106 488 1765,724
625,Pippa,MacKay,241 638 2675,725
626,Aeriel,Eisig,779 711 4199,726
627,Bethany,Frackiewicz,756 186 7920,727
628,Jenna,Williamson,690 517 1673,728
629,Virgilio,Brusby,705 995 8040,729
630,Brynna,Yakunin,156 215 3463,730
631,Vinny,Smout,612 767 1522,731
632,Glenn,Joselevitz,571 157 2711,732
633,Kelcy,Rait,430 151 3592,733
634,Modesty,Guerreiro,978 300 0112,734
635,Bertram,Munro,288 177 2133,735
636,Smith,Revey,957 458 5227,736
637,Delano,Burchill,736 351 3831,737
638,Gar,Shilito,602 287 7866,738
639,Karolina,Alwin,509 298 5421,739
640,Sherie,Baddow,511 428 4446,740
641,Fanni,Crippill,828 952 0476,741
642,Minetta,Kinneally,230 325 2682,742
643,Deanna,Morling,881 705 6605,743
644,Ottilie,Delaprelle,877 666 4728,744
645,Carson,Pashan,485 484 4481,745
646,Anatole,O'Cleary,549 933 6624,746
647,Greer,Hallgalley,737 714 1899,747
648,Vevay,Seignior,633 548 2877,748
649,Shea,Starling,887 714 2476,749
650,Lorene,Hammonds,928 850 1733,750
651,Filmore,Longford,487 285 1817,751
652,Killie,Windmill,441 266 4451,752
653,Ardis,Dissman,674 631 1400,753
654,Joice,Nye,587 828 6862,754
655,Loralie,O'Fallowne,779 502 6351,755
656,Auberon,Manketell,778 396 6857,756
657,Adams,Joint,394 497 7456,757
658,Marcia,Mallebone,494 337 4522,758
659,Clemmy,Docharty,750 785 3954,759
660,Rayshell,Brok,731 474 6319,760
661,Kaela,Cromwell,569 476 4144,761
662,Gill,Trivett,401 354 5930,762
663,Otto,Sparry,512 754 8000,763
664,Kai,Buttfield,624 686 8772,764
665,Manon,Gateley,127 755 2870,765
666,Ginny,Swigg,654 409 9519,766
667,Lorelle,Lomas,283 258 8246,767
668,Walther,Alenikov,133 108 5848,768
669,Darryl,Currie,699 391 1891,769
670,Illa,Hullin,137 178 6945,770
671,Tabina,Skamal,681 707 7777,771
672,Sabra,Pidgin,503 787 0417,772
673,Reinaldo,Mouser,280 763 3485,773
674,Louise,Torrans,420 143 5229,774
675,Leopold,Mulliss,999 307 9710,775
676,Adan,Whiteside,471 935 3289,776
677,Ethelred,Vlasenko,526 338 8477,777
678,Dagny,Piers,984 657 0678,778
679,Garey,Hacaud,370 135 4799,779
680,Reggis,Westoll,964 147 0248,780
681,Charlot,Blazic,617 392 2912,781
682,Barbabra,Trassler,152 645 2197,782
683,Dorrie,Denkin,845 849 9435,783
684,Vanya,Shapter,888 152 9487,784
685,Karlen,Deniskevich,101 412 8495,785
686,Odessa,McAne,619 892 5323,786
687,Laurens,Verbeke,835 827 5578,787
688,Myrwyn,Jailler,658 889 7690,788
689,Mendy,Preon,538 872 9014,789
690,Abdel,Eglise,310 517 8365,790
691,Dorian,Lamas,508 751 4317,791
692,Rachele,Lapsley,451 683 1106,792
693,Mehetabel,Ludewig,372 452 4677,793
694,Zak,Rydeard,538 205 4829,794
695,Caldwell,Poolman,822 744 2387,795
696,Joella,Sinnott,812 320 7526,796
697,Jeffrey,Maxfield,923 158 8260,797
698,Cody,Iron,194 153 2444,798
699,Erminie,Klesel,689 318 1839,799
700,Ernest,Laurance,447 462 7523,800
701,Glori,Towsie,281 759 4416,801
702,Claudianus,Rossoni,894 955 1215,802
703,Gratiana,Pratten,394 221 8253,803
704,Fernande,Pring,691 237 4128,804
705,Sela,Udall,466 492 4194,805
706,Klarika,Rosenfelt,799 915 1342,806
707,Binnie,Rylance,781 179 1291,807
708,Sig,Betteridge,718 932 7854,808
709,Reidar,Silburn,278 682 3496,809
710,Rodina,Crang,548 775 1674,810
711,Byrom,Doag,376 947 7379,811
712,Damiano,Fawcus,825 798 0813,812
713,Foster,Magarrell,353 624 1764,813
714,Odetta,Worsley,960 771 5898,814
715,Dusty,Capon,714 519 2122,815
716,Rock,Sanja,283 978 1483,816
717,Marylinda,Cradduck,444 792 1426,817
718,Celine,Spender,338 854 6736,818
719,Lyman,Harriman,383 408 6431,819
720,Gan,Primett,998 502 3214,820
721,Buck,Secrett,620 715 3654,821
722,Bradley,Minihane,797 637 8380,822
723,Jerald,Jackways,455 356 3470,823
724,Jocelin,Snoden,859 458 2740,824
725,Pansy,Amoore,451 388 0837,825
726,Gerrilee,Hulkes,703 539 9995,826
727,Silvester,Braunes,920 498 4966,827
728,Osbert,Nise,815 382 7806,828
729,Tabatha,Medlin,733 820 8613,829
730,Jobyna,Jarrad,836 725 8381,830
731,Archer,Semorad,274 248 6148,831
732,Kirby,O'Hannay,851 116 8904,832
733,Idalina,Dahlbom,941 714 8724,833
734,Anabel,Behnen,213 908 5106,834
735,Wilhelmina,Krzyzowski,731 998 9335,835
736,Hilarius,Josifovic,215 411 5101,836
737,Torey,Bamsey,506 906 8098,837
738,Elmer,Brach,467 967 7928,838
739,Berenice,Soppitt,260 881 5403,839
740,Isac,Anthon,471 800 1000,840
741,Essa,Varnam,690 478 8956,841
742,Haze,Neate,280 466 0501,842
743,Carny,McNabb,548 963 2712,843
744,Ellie,McMorran,422 865 4933,844
745,Angelita,McClenan,803 554 1081,845
746,Van,Hedney,931 639 1667,846
747,Lilas,Berthod,635 606 3505,847
748,Patrizio,Primarolo,796 317 2051,848
749,Hermione,Zamudio,998 680 1263,849
750,Dorise,Lowing,216 222 3554,850
751,Charyl,Plackstone,182 584 0192,851
752,Lenore,Burd,189 268 6796,852
753,Alberta,Pautard,148 634 9057,853
754,Rhianon,Kiwitz,468 354 9669,854
755,Roscoe,Outright,880 204 6800,855
756,Debera,Cana,650 646 9136,856
757,Robert,Iliffe,977 764 2437,857
758,Ted,Bracci,605 954 3330,858
759,Fons,Wishart,673 937 9157,859
760,Darrell,Feldstein,908 242 2227,860
761,Geri,Yitzovicz,769 240 2238,861
762,Jerrome,Foxon,173 217 3306,862
763,Devy,Dufty,406 437 4633,863
764,Corilla,McSporrin,852 658 1108,864
765,Myron,MacAiline,320 566 2897,865
766,Che,Sparkes,992 967 8130,866
767,Euell,Quakley,484 931 1199,867
768,Theadora,Cristofaro,467 975 0729,868
769,Jeniffer,Baynard,731 162 3764,869
770,Emalia,Christophersen,701 694 3381,870
771,Alonso,Fingleton,121 104 1442,871
772,Gonzalo,McGurgan,939 716 0291,872
773,Ebba,Challenger,929 484 1839,873
774,Elton,Banisch,202 702 1229,874
775,Stanly,Pietruszka,931 761 3296,875
776,Isahella,Rohloff,247 582 1453,876
777,Merry,Mudle,692 386 6770,877
778,Koo,Marikhin,474 730 7305,878
779,Abby,Ewbanks,686 495 6095,879
780,Harmonie,Hughes,987 213 1187,880
781,Royce,Norvill,604 135 6038,881
782,Davide,Lilburne,917 214 4236,882
783,Ricard,Antliff,607 584 7173,883
784,Correna,Bener,908 616 3070,884
785,Briggs,Masarrat,513 724 1394,885
786,Consuelo,Miners,512 471 8760,886
787,Hugh,Roome,739 485 3874,887
788,Gibbie,Meritt,334 344 1647,888
789,Rudie,Ailmer,988 243 1692,889
790,Vivyan,Elleyne,202 988 4482,890
791,Dorey,Hembry,754 566 3863,891
792,Fanni,Hoggins,171 515 0392,892
793,Valentijn,Rogger,135 509 3517,893
794,Kippie,Vanderplas,333 323 3138,894
795,Anya,Espinho,661 337 2180,895
796,Gregorio,Lightwing,973 862 3078,896
797,Salem,Trobey,262 455 1602,897
798,Blakeley,Scholling,903 433 1566,898
799,Gianna,Jarrold,348 859 2277,899
800,Annmaria,Gaynesford,666 773 8757,900
